2026-04-10T12:18:49.871+0200 [Thread-7] INFO  it.cnr.isti.labsedc.concern.notification.NotificationManager - 
Received violation event from: ICTGW_Probe
Raised violation: Unattended event - Rule fired:catchFirstAndCheckSecond


2026-04-10T12:18:49.876+0200 [Thread-7] INFO  it.cnr.isti.labsedc.concern.notification.NotificationManager - 
Received violation event from: ICTGW_Probe
Raised violation: Unattended event - Rule fired:checkStarter


2026-04-10T12:18:49.961+0200 [Thread-7] INFO  it.cnr.isti.labsedc.concern.notification.NotificationManager - 
Received violation event from: ICTGW_Probe
Raised violation: Unattended event - Rule fired:catchFirstAndCheckSecond


2026-04-10T12:18:49.966+0200 [Thread-7] INFO  it.cnr.isti.labsedc.concern.notification.NotificationManager - 
Received violation event from: ICTGW_Probe
Raised violation: Unattended event - Rule fired:checkStarter


2026-04-10T12:18:50.085+0200 [Thread-7] INFO  it.cnr.isti.labsedc.concern.notification.NotificationManager - 
Received violation event from: ICTGW_Probe
Raised violation: Unattended event - Rule fired:checkForCorrectFourth


2026-04-10T12:18:50.093+0200 [Thread-7] INFO  it.cnr.isti.labsedc.concern.notification.NotificationManager - 
Received violation event from: ICTGW_Probe
Raised violation: Unattended event - Rule fired:catchFirstAndCheckSecond


2026-04-10T12:18:50.104+0200 [Thread-7] INFO  it.cnr.isti.labsedc.concern.notification.NotificationManager - 
Received violation event from: ICTGW_Probe
Raised violation: Unattended event - Rule fired:catchFirstAndCheckSecond


2026-04-10T12:18:50.108+0200 [Thread-7] INFO  it.cnr.isti.labsedc.concern.notification.NotificationManager - 
Received violation event from: ICTGW_Probe
Raised violation: Unattended event - Rule fired:checkStarter


2026-04-10T12:18:50.214+0200 [Thread-7] INFO  it.cnr.isti.labsedc.concern.notification.NotificationManager - 
Received violation event from: ICTGW_Probe
Raised violation: Unattended event - Rule fired:catchFirstAndCheckSecond


2026-04-10T12:18:50.218+0200 [Thread-7] INFO  it.cnr.isti.labsedc.concern.notification.NotificationManager - 
Received violation event from: ICTGW_Probe
Raised violation: Unattended event - Rule fired:checkStarter


2026-04-10T12:18:50.337+0200 [Thread-7] INFO  it.cnr.isti.labsedc.concern.notification.NotificationManager - 
Received violation event from: ICTGW_Probe
Raised violation: Unattended event - Rule fired:checkForCorrectFourth


2026-04-10T12:18:50.345+0200 [Thread-7] INFO  it.cnr.isti.labsedc.concern.notification.NotificationManager - 
Received violation event from: ICTGW_Probe
Raised violation: Unattended event - Rule fired:checkStarter


2026-04-10T12:18:50.352+0200 [Thread-7] INFO  it.cnr.isti.labsedc.concern.notification.NotificationManager - 
Received violation event from: ICTGW_Probe
Raised violation: Unattended event - Rule fired:catchFirstAndCheckSecond


2026-04-10T12:18:50.355+0200 [Thread-7] INFO  it.cnr.isti.labsedc.concern.notification.NotificationManager - 
Received violation event from: ICTGW_Probe
Raised violation: Unattended event - Rule fired:checkStarter


2026-04-10T12:18:50.360+0200 [Thread-7] INFO  it.cnr.isti.labsedc.concern.notification.NotificationManager - 
Received violation event from: ICTGW_Probe
Raised violation: Unattended event - Rule fired:checkStarter


2026-04-10T12:18:50.472+0200 [Thread-7] INFO  it.cnr.isti.labsedc.concern.notification.NotificationManager - 
Received violation event from: ICTGW_Probe
Raised violation: Unattended event - Rule fired:catchFirstAndCheckSecond


2026-04-10T12:18:50.476+0200 [Thread-7] INFO  it.cnr.isti.labsedc.concern.notification.NotificationManager - 
Received violation event from: ICTGW_Probe
Raised violation: Unattended event - Rule fired:checkStarter


2026-04-10T12:18:50.593+0200 [Thread-7] INFO  it.cnr.isti.labsedc.concern.notification.NotificationManager - 
Received violation event from: ICTGW_Probe
Raised violation: Unattended event - Rule fired:checkForCorrectFourth


2026-04-10T12:18:50.599+0200 [Thread-7] INFO  it.cnr.isti.labsedc.concern.notification.NotificationManager - 
Received violation event from: ICTGW_Probe
Raised violation: Unattended event - Rule fired:catchFirstAndCheckSecond


2026-04-10T12:18:50.719+0200 [Thread-7] INFO  it.cnr.isti.labsedc.concern.notification.NotificationManager - 
Received violation event from: ICTGW_Probe
Raised violation: Unattended event - Rule fired:checkForCorrectFourth


2026-04-10T12:18:50.726+0200 [Thread-7] INFO  it.cnr.isti.labsedc.concern.notification.NotificationManager - 
Received violation event from: ICTGW_Probe
Raised violation: Unattended event - Rule fired:checkStarter


2026-04-10T12:18:50.730+0200 [Thread-7] INFO  it.cnr.isti.labsedc.concern.notification.NotificationManager - 
Received violation event from: ICTGW_Probe
Raised violation: Unattended event - Rule fired:catchFirstAndCheckSecond


2026-04-10T12:18:50.733+0200 [Thread-7] INFO  it.cnr.isti.labsedc.concern.notification.NotificationManager - 
Received violation event from: ICTGW_Probe
Raised violation: Unattended event - Rule fired:checkStarter


2026-04-10T12:18:50.736+0200 [Thread-7] INFO  it.cnr.isti.labsedc.concern.notification.NotificationManager - 
Received violation event from: ICTGW_Probe
Raised violation: Unattended event - Rule fired:checkStarter


2026-04-10T12:18:50.843+0200 [Thread-7] INFO  it.cnr.isti.labsedc.concern.notification.NotificationManager - 
Received violation event from: ICTGW_Probe
Raised violation: Unattended event - Rule fired:catchFirstAndCheckSecond


2026-04-10T12:18:50.848+0200 [Thread-7] INFO  it.cnr.isti.labsedc.concern.notification.NotificationManager - 
Received violation event from: ICTGW_Probe
Raised violation: Unattended event - Rule fired:checkStarter


2026-04-10T12:18:50.855+0200 [Thread-7] INFO  it.cnr.isti.labsedc.concern.notification.NotificationManager - 
Received violation event from: ICTGW_Probe
Raised violation: Unattended event - Rule fired:checkStarter


2026-04-10T12:18:50.859+0200 [Thread-7] INFO  it.cnr.isti.labsedc.concern.notification.NotificationManager - 
Received violation event from: ICTGW_Probe
Raised violation: Unattended event - Rule fired:catchFirstAndCheckSecond


2026-04-10T12:18:50.967+0200 [Thread-7] INFO  it.cnr.isti.labsedc.concern.notification.NotificationManager - 
Received violation event from: ICTGW_Probe
Raised violation: Unattended event - Rule fired:catchFirstAndCheckSecond


2026-04-10T12:18:50.971+0200 [Thread-7] INFO  it.cnr.isti.labsedc.concern.notification.NotificationManager - 
Received violation event from: ICTGW_Probe
Raised violation: Unattended event - Rule fired:checkStarter


2026-04-10T12:18:51.087+0200 [Thread-7] INFO  it.cnr.isti.labsedc.concern.notification.NotificationManager - 
Received violation event from: ICTGW_Probe
Raised violation: Unattended event - Rule fired:checkForCorrectFourth


2026-04-10T12:18:51.096+0200 [Thread-7] INFO  it.cnr.isti.labsedc.concern.notification.NotificationManager - 
Received violation event from: ICTGW_Probe
Raised violation: Unattended event - Rule fired:catchFirstAndCheckSecond


2026-04-10T12:18:51.101+0200 [Thread-7] INFO  it.cnr.isti.labsedc.concern.notification.NotificationManager - 
Received violation event from: ICTGW_Probe
Raised violation: Unattended event - Rule fired:checkStarter


2026-04-10T12:18:51.105+0200 [Thread-7] INFO  it.cnr.isti.labsedc.concern.notification.NotificationManager - 
Received violation event from: ICTGW_Probe
Raised violation: Unattended event - Rule fired:catchFirstAndCheckSecond


2026-04-10T12:18:51.215+0200 [Thread-7] INFO  it.cnr.isti.labsedc.concern.notification.NotificationManager - 
Received violation event from: ICTGW_Probe
Raised violation: Unattended event - Rule fired:catchFirstAndCheckSecond


2026-04-10T12:18:51.220+0200 [Thread-7] INFO  it.cnr.isti.labsedc.concern.notification.NotificationManager - 
Received violation event from: ICTGW_Probe
Raised violation: Unattended event - Rule fired:checkStarter


2026-04-10T12:18:51.335+0200 [Thread-7] INFO  it.cnr.isti.labsedc.concern.notification.NotificationManager - 
Received violation event from: ICTGW_Probe
Raised violation: Unattended event - Rule fired:checkForCorrectFourth


2026-04-10T12:18:51.343+0200 [Thread-7] INFO  it.cnr.isti.labsedc.concern.notification.NotificationManager - 
Received violation event from: ICTGW_Probe
Raised violation: Unattended event - Rule fired:checkStarter


2026-04-10T12:18:51.347+0200 [Thread-7] INFO  it.cnr.isti.labsedc.concern.notification.NotificationManager - 
Received violation event from: ICTGW_Probe
Raised violation: Unattended event - Rule fired:catchFirstAndCheckSecond


2026-04-10T12:18:51.351+0200 [Thread-7] INFO  it.cnr.isti.labsedc.concern.notification.NotificationManager - 
Received violation event from: ICTGW_Probe
Raised violation: Unattended event - Rule fired:checkStarter


2026-04-10T12:18:51.355+0200 [Thread-7] INFO  it.cnr.isti.labsedc.concern.notification.NotificationManager - 
Received violation event from: ICTGW_Probe
Raised violation: Unattended event - Rule fired:checkStarter


2026-04-10T12:18:51.463+0200 [Thread-7] INFO  it.cnr.isti.labsedc.concern.notification.NotificationManager - 
Received violation event from: ICTGW_Probe
Raised violation: Unattended event - Rule fired:catchFirstAndCheckSecond


2026-04-10T12:18:51.467+0200 [Thread-7] INFO  it.cnr.isti.labsedc.concern.notification.NotificationManager - 
Received violation event from: ICTGW_Probe
Raised violation: Unattended event - Rule fired:checkStarter


2026-04-10T12:18:51.473+0200 [Thread-7] INFO  it.cnr.isti.labsedc.concern.notification.NotificationManager - 
Received violation event from: ICTGW_Probe
Raised violation: Unattended event - Rule fired:checkStarter


2026-04-10T12:18:51.477+0200 [Thread-7] INFO  it.cnr.isti.labsedc.concern.notification.NotificationManager - 
Received violation event from: ICTGW_Probe
Raised violation: Unattended event - Rule fired:catchFirstAndCheckSecond


2026-04-10T12:18:51.585+0200 [Thread-7] INFO  it.cnr.isti.labsedc.concern.notification.NotificationManager - 
Received violation event from: ICTGW_Probe
Raised violation: Unattended event - Rule fired:catchFirstAndCheckSecond


2026-04-10T12:18:51.590+0200 [Thread-7] INFO  it.cnr.isti.labsedc.concern.notification.NotificationManager - 
Received violation event from: ICTGW_Probe
Raised violation: Unattended event - Rule fired:checkStarter


2026-04-10T12:18:51.705+0200 [Thread-7] INFO  it.cnr.isti.labsedc.concern.notification.NotificationManager - 
Received violation event from: ICTGW_Probe
Raised violation: Unattended event - Rule fired:checkForCorrectFourth


2026-04-10T12:18:51.713+0200 [Thread-7] INFO  it.cnr.isti.labsedc.concern.notification.NotificationManager - 
Received violation event from: ICTGW_Probe
Raised violation: Unattended event - Rule fired:catchFirstAndCheckSecond


2026-04-10T12:18:51.831+0200 [Thread-7] INFO  it.cnr.isti.labsedc.concern.notification.NotificationManager - 
Received violation event from: ICTGW_Probe
Raised violation: Unattended event - Rule fired:checkForCorrectFourth


2026-04-10T12:18:51.839+0200 [Thread-7] INFO  it.cnr.isti.labsedc.concern.notification.NotificationManager - 
Received violation event from: ICTGW_Probe
Raised violation: Unattended event - Rule fired:catchFirstAndCheckSecond


2026-04-10T12:18:51.954+0200 [Thread-7] INFO  it.cnr.isti.labsedc.concern.notification.NotificationManager - 
Received violation event from: ICTGW_Probe
Raised violation: Unattended event - Rule fired:checkForCorrectFourth


2026-04-10T12:18:51.963+0200 [Thread-7] INFO  it.cnr.isti.labsedc.concern.notification.NotificationManager - 
Received violation event from: ICTGW_Probe
Raised violation: Unattended event - Rule fired:checkStarter


2026-04-10T12:18:51.968+0200 [Thread-7] INFO  it.cnr.isti.labsedc.concern.notification.NotificationManager - 
Received violation event from: ICTGW_Probe
Raised violation: Unattended event - Rule fired:catchFirstAndCheckSecond


2026-04-10T12:18:51.972+0200 [Thread-7] INFO  it.cnr.isti.labsedc.concern.notification.NotificationManager - 
Received violation event from: ICTGW_Probe
Raised violation: Unattended event - Rule fired:checkStarter


2026-04-10T12:18:51.976+0200 [Thread-7] INFO  it.cnr.isti.labsedc.concern.notification.NotificationManager - 
Received violation event from: ICTGW_Probe
Raised violation: Unattended event - Rule fired:checkStarter


2026-04-10T12:18:52.081+0200 [Thread-7] INFO  it.cnr.isti.labsedc.concern.notification.NotificationManager - 
Received violation event from: ICTGW_Probe
Raised violation: Unattended event - Rule fired:catchFirstAndCheckSecond


2026-04-10T12:18:52.085+0200 [Thread-7] INFO  it.cnr.isti.labsedc.concern.notification.NotificationManager - 
Received violation event from: ICTGW_Probe
Raised violation: Unattended event - Rule fired:checkStarter


2026-04-10T12:18:52.201+0200 [Thread-7] INFO  it.cnr.isti.labsedc.concern.notification.NotificationManager - 
Received violation event from: ICTGW_Probe
Raised violation: Unattended event - Rule fired:checkForCorrectFourth


2026-04-10T12:18:52.211+0200 [Thread-7] INFO  it.cnr.isti.labsedc.concern.notification.NotificationManager - 
Received violation event from: ICTGW_Probe
Raised violation: Unattended event - Rule fired:checkStarter


2026-04-10T12:18:52.215+0200 [Thread-7] INFO  it.cnr.isti.labsedc.concern.notification.NotificationManager - 
Received violation event from: ICTGW_Probe
Raised violation: Unattended event - Rule fired:catchFirstAndCheckSecond


2026-04-10T12:18:52.219+0200 [Thread-7] INFO  it.cnr.isti.labsedc.concern.notification.NotificationManager - 
Received violation event from: ICTGW_Probe
Raised violation: Unattended event - Rule fired:checkStarter


2026-04-10T12:18:52.224+0200 [Thread-7] INFO  it.cnr.isti.labsedc.concern.notification.NotificationManager - 
Received violation event from: ICTGW_Probe
Raised violation: Unattended event - Rule fired:checkStarter


2026-04-10T12:18:52.330+0200 [Thread-7] INFO  it.cnr.isti.labsedc.concern.notification.NotificationManager - 
Received violation event from: ICTGW_Probe
Raised violation: Unattended event - Rule fired:catchFirstAndCheckSecond


2026-04-10T12:18:52.335+0200 [Thread-7] INFO  it.cnr.isti.labsedc.concern.notification.NotificationManager - 
Received violation event from: ICTGW_Probe
Raised violation: Unattended event - Rule fired:checkStarter


2026-04-10T12:18:52.341+0200 [Thread-7] INFO  it.cnr.isti.labsedc.concern.notification.NotificationManager - 
Received violation event from: ICTGW_Probe
Raised violation: Unattended event - Rule fired:checkStarter


2026-04-10T12:18:52.346+0200 [Thread-7] INFO  it.cnr.isti.labsedc.concern.notification.NotificationManager - 
Received violation event from: ICTGW_Probe
Raised violation: Unattended event - Rule fired:catchFirstAndCheckSecond


2026-04-10T12:18:52.453+0200 [Thread-7] INFO  it.cnr.isti.labsedc.concern.notification.NotificationManager - 
Received violation event from: ICTGW_Probe
Raised violation: Unattended event - Rule fired:catchFirstAndCheckSecond


2026-04-10T12:18:52.457+0200 [Thread-7] INFO  it.cnr.isti.labsedc.concern.notification.NotificationManager - 
Received violation event from: ICTGW_Probe
Raised violation: Unattended event - Rule fired:checkStarter


2026-04-10T12:18:52.574+0200 [Thread-7] INFO  it.cnr.isti.labsedc.concern.notification.NotificationManager - 
Received violation event from: ICTGW_Probe
Raised violation: Unattended event - Rule fired:checkForCorrectFourth


2026-04-10T12:18:52.582+0200 [Thread-7] INFO  it.cnr.isti.labsedc.concern.notification.NotificationManager - 
Received violation event from: ICTGW_Probe
Raised violation: Unattended event - Rule fired:catchFirstAndCheckSecond


2026-04-10T12:18:52.701+0200 [Thread-7] INFO  it.cnr.isti.labsedc.concern.notification.NotificationManager - 
Received violation event from: ICTGW_Probe
Raised violation: Unattended event - Rule fired:checkForCorrectFourth


2026-04-10T12:18:52.709+0200 [Thread-7] INFO  it.cnr.isti.labsedc.concern.notification.NotificationManager - 
Received violation event from: ICTGW_Probe
Raised violation: Unattended event - Rule fired:catchFirstAndCheckSecond


2026-04-10T12:18:52.715+0200 [Thread-7] INFO  it.cnr.isti.labsedc.concern.notification.NotificationManager - 
Received violation event from: ICTGW_Probe
Raised violation: Unattended event - Rule fired:checkStarter


2026-04-10T12:18:52.719+0200 [Thread-7] INFO  it.cnr.isti.labsedc.concern.notification.NotificationManager - 
Received violation event from: ICTGW_Probe
Raised violation: Unattended event - Rule fired:catchFirstAndCheckSecond


2026-04-10T12:18:52.829+0200 [Thread-7] INFO  it.cnr.isti.labsedc.concern.notification.NotificationManager - 
Received violation event from: ICTGW_Probe
Raised violation: Unattended event - Rule fired:catchFirstAndCheckSecond


2026-04-10T12:18:52.832+0200 [Thread-7] INFO  it.cnr.isti.labsedc.concern.notification.NotificationManager - 
Received violation event from: ICTGW_Probe
Raised violation: Unattended event - Rule fired:checkStarter


2026-04-10T12:18:52.950+0200 [Thread-7] INFO  it.cnr.isti.labsedc.concern.notification.NotificationManager - 
Received violation event from: ICTGW_Probe
Raised violation: Unattended event - Rule fired:checkForCorrectFourth


2026-04-10T12:18:52.959+0200 [Thread-7] INFO  it.cnr.isti.labsedc.concern.notification.NotificationManager - 
Received violation event from: ICTGW_Probe
Raised violation: Unattended event - Rule fired:catchFirstAndCheckSecond


2026-04-10T12:18:52.965+0200 [Thread-7] INFO  it.cnr.isti.labsedc.concern.notification.NotificationManager - 
Received violation event from: ICTGW_Probe
Raised violation: Unattended event - Rule fired:checkStarter


2026-04-10T12:18:52.969+0200 [Thread-7] INFO  it.cnr.isti.labsedc.concern.notification.NotificationManager - 
Received violation event from: ICTGW_Probe
Raised violation: Unattended event - Rule fired:catchFirstAndCheckSecond


2026-04-10T12:18:53.077+0200 [Thread-7] INFO  it.cnr.isti.labsedc.concern.notification.NotificationManager - 
Received violation event from: ICTGW_Probe
Raised violation: Unattended event - Rule fired:catchFirstAndCheckSecond


2026-04-10T12:18:53.084+0200 [Thread-7] INFO  it.cnr.isti.labsedc.concern.notification.NotificationManager - 
Received violation event from: ICTGW_Probe
Raised violation: Unattended event - Rule fired:checkStarter


2026-04-10T12:18:53.197+0200 [Thread-7] INFO  it.cnr.isti.labsedc.concern.notification.NotificationManager - 
Received violation event from: ICTGW_Probe
Raised violation: Unattended event - Rule fired:checkForCorrectFourth


2026-04-10T12:18:53.204+0200 [Thread-7] INFO  it.cnr.isti.labsedc.concern.notification.NotificationManager - 
Received violation event from: ICTGW_Probe
Raised violation: Unattended event - Rule fired:checkStarter


2026-04-10T12:18:53.209+0200 [Thread-7] INFO  it.cnr.isti.labsedc.concern.notification.NotificationManager - 
Received violation event from: ICTGW_Probe
Raised violation: Unattended event - Rule fired:catchFirstAndCheckSecond


2026-04-10T12:18:53.213+0200 [Thread-7] INFO  it.cnr.isti.labsedc.concern.notification.NotificationManager - 
Received violation event from: ICTGW_Probe
Raised violation: Unattended event - Rule fired:checkStarter


2026-04-10T12:18:53.217+0200 [Thread-7] INFO  it.cnr.isti.labsedc.concern.notification.NotificationManager - 
Received violation event from: ICTGW_Probe
Raised violation: Unattended event - Rule fired:checkStarter


2026-04-10T12:18:53.323+0200 [Thread-7] INFO  it.cnr.isti.labsedc.concern.notification.NotificationManager - 
Received violation event from: ICTGW_Probe
Raised violation: Unattended event - Rule fired:catchFirstAndCheckSecond


2026-04-10T12:18:53.328+0200 [Thread-7] INFO  it.cnr.isti.labsedc.concern.notification.NotificationManager - 
Received violation event from: ICTGW_Probe
Raised violation: Unattended event - Rule fired:checkStarter


2026-04-10T12:18:53.440+0200 [Thread-7] INFO  it.cnr.isti.labsedc.concern.notification.NotificationManager - 
Received violation event from: ICTGW_Probe
Raised violation: Unattended event - Rule fired:checkForCorrectFourth


2026-04-10T12:18:53.448+0200 [Thread-7] INFO  it.cnr.isti.labsedc.concern.notification.NotificationManager - 
Received violation event from: ICTGW_Probe
Raised violation: Unattended event - Rule fired:catchFirstAndCheckSecond


2026-04-10T12:18:53.455+0200 [Thread-7] INFO  it.cnr.isti.labsedc.concern.notification.NotificationManager - 
Received violation event from: ICTGW_Probe
Raised violation: Unattended event - Rule fired:checkStarter


2026-04-10T12:18:53.459+0200 [Thread-7] INFO  it.cnr.isti.labsedc.concern.notification.NotificationManager - 
Received violation event from: ICTGW_Probe
Raised violation: Unattended event - Rule fired:catchFirstAndCheckSecond


2026-04-10T12:18:53.567+0200 [Thread-7] INFO  it.cnr.isti.labsedc.concern.notification.NotificationManager - 
Received violation event from: ICTGW_Probe
Raised violation: Unattended event - Rule fired:catchFirstAndCheckSecond


2026-04-10T12:18:53.572+0200 [Thread-7] INFO  it.cnr.isti.labsedc.concern.notification.NotificationManager - 
Received violation event from: ICTGW_Probe
Raised violation: Unattended event - Rule fired:checkStarter


2026-04-10T12:18:53.578+0200 [Thread-7] INFO  it.cnr.isti.labsedc.concern.notification.NotificationManager - 
Received violation event from: ICTGW_Probe
Raised violation: Unattended event - Rule fired:checkStarter


2026-04-10T12:18:53.583+0200 [Thread-7] INFO  it.cnr.isti.labsedc.concern.notification.NotificationManager - 
Received violation event from: ICTGW_Probe
Raised violation: Unattended event - Rule fired:catchFirstAndCheckSecond


2026-04-10T12:18:53.692+0200 [Thread-7] INFO  it.cnr.isti.labsedc.concern.notification.NotificationManager - 
Received violation event from: ICTGW_Probe
Raised violation: Unattended event - Rule fired:catchFirstAndCheckSecond


2026-04-10T12:18:53.696+0200 [Thread-7] INFO  it.cnr.isti.labsedc.concern.notification.NotificationManager - 
Received violation event from: ICTGW_Probe
Raised violation: Unattended event - Rule fired:checkStarter


2026-04-10T12:18:53.811+0200 [Thread-7] INFO  it.cnr.isti.labsedc.concern.notification.NotificationManager - 
Received violation event from: ICTGW_Probe
Raised violation: Unattended event - Rule fired:checkForCorrectFourth


2026-04-10T12:18:53.819+0200 [Thread-7] INFO  it.cnr.isti.labsedc.concern.notification.NotificationManager - 
Received violation event from: ICTGW_Probe
Raised violation: Unattended event - Rule fired:catchFirstAndCheckSecond


2026-04-10T12:18:53.934+0200 [Thread-7] INFO  it.cnr.isti.labsedc.concern.notification.NotificationManager - 
Received violation event from: ICTGW_Probe
Raised violation: Unattended event - Rule fired:checkForCorrectFourth


2026-04-10T12:18:53.943+0200 [Thread-7] INFO  it.cnr.isti.labsedc.concern.notification.NotificationManager - 
Received violation event from: ICTGW_Probe
Raised violation: Unattended event - Rule fired:checkStarter


2026-04-10T12:18:53.947+0200 [Thread-7] INFO  it.cnr.isti.labsedc.concern.notification.NotificationManager - 
Received violation event from: ICTGW_Probe
Raised violation: Unattended event - Rule fired:catchFirstAndCheckSecond


2026-04-10T12:18:53.950+0200 [Thread-7] INFO  it.cnr.isti.labsedc.concern.notification.NotificationManager - 
Received violation event from: ICTGW_Probe
Raised violation: Unattended event - Rule fired:checkStarter


2026-04-10T12:18:53.954+0200 [Thread-7] INFO  it.cnr.isti.labsedc.concern.notification.NotificationManager - 
Received violation event from: ICTGW_Probe
Raised violation: Unattended event - Rule fired:checkStarter


2026-04-10T12:18:54.061+0200 [Thread-7] INFO  it.cnr.isti.labsedc.concern.notification.NotificationManager - 
Received violation event from: ICTGW_Probe
Raised violation: Unattended event - Rule fired:catchFirstAndCheckSecond


2026-04-10T12:18:54.066+0200 [Thread-7] INFO  it.cnr.isti.labsedc.concern.notification.NotificationManager - 
Received violation event from: ICTGW_Probe
Raised violation: Unattended event - Rule fired:checkStarter


2026-04-10T12:18:54.073+0200 [Thread-7] INFO  it.cnr.isti.labsedc.concern.notification.NotificationManager - 
Received violation event from: ICTGW_Probe
Raised violation: Unattended event - Rule fired:checkStarter


2026-04-10T12:18:54.078+0200 [Thread-7] INFO  it.cnr.isti.labsedc.concern.notification.NotificationManager - 
Received violation event from: ICTGW_Probe
Raised violation: Unattended event - Rule fired:catchFirstAndCheckSecond


2026-04-10T12:18:54.185+0200 [Thread-7] INFO  it.cnr.isti.labsedc.concern.notification.NotificationManager - 
Received violation event from: ICTGW_Probe
Raised violation: Unattended event - Rule fired:catchFirstAndCheckSecond


2026-04-10T12:18:54.189+0200 [Thread-7] INFO  it.cnr.isti.labsedc.concern.notification.NotificationManager - 
Received violation event from: ICTGW_Probe
Raised violation: Unattended event - Rule fired:checkStarter


2026-04-10T12:18:54.304+0200 [Thread-7] INFO  it.cnr.isti.labsedc.concern.notification.NotificationManager - 
Received violation event from: ICTGW_Probe
Raised violation: Unattended event - Rule fired:checkForCorrectFourth


2026-04-10T12:18:54.312+0200 [Thread-7] INFO  it.cnr.isti.labsedc.concern.notification.NotificationManager - 
Received violation event from: ICTGW_Probe
Raised violation: Unattended event - Rule fired:checkStarter


2026-04-10T12:18:54.317+0200 [Thread-7] INFO  it.cnr.isti.labsedc.concern.notification.NotificationManager - 
Received violation event from: ICTGW_Probe
Raised violation: Unattended event - Rule fired:catchFirstAndCheckSecond


2026-04-10T12:18:54.320+0200 [Thread-7] INFO  it.cnr.isti.labsedc.concern.notification.NotificationManager - 
Received violation event from: ICTGW_Probe
Raised violation: Unattended event - Rule fired:checkStarter


2026-04-10T12:18:54.324+0200 [Thread-7] INFO  it.cnr.isti.labsedc.concern.notification.NotificationManager - 
Received violation event from: ICTGW_Probe
Raised violation: Unattended event - Rule fired:checkStarter


2026-04-10T12:18:54.431+0200 [Thread-7] INFO  it.cnr.isti.labsedc.concern.notification.NotificationManager - 
Received violation event from: ICTGW_Probe
Raised violation: Unattended event - Rule fired:catchFirstAndCheckSecond


2026-04-10T12:18:54.435+0200 [Thread-7] INFO  it.cnr.isti.labsedc.concern.notification.NotificationManager - 
Received violation event from: ICTGW_Probe
Raised violation: Unattended event - Rule fired:checkStarter


2026-04-10T12:18:54.441+0200 [Thread-7] INFO  it.cnr.isti.labsedc.concern.notification.NotificationManager - 
Received violation event from: ICTGW_Probe
Raised violation: Unattended event - Rule fired:checkStarter


2026-04-10T12:18:54.445+0200 [Thread-7] INFO  it.cnr.isti.labsedc.concern.notification.NotificationManager - 
Received violation event from: ICTGW_Probe
Raised violation: Unattended event - Rule fired:catchFirstAndCheckSecond


2026-04-10T12:18:54.553+0200 [Thread-7] INFO  it.cnr.isti.labsedc.concern.notification.NotificationManager - 
Received violation event from: ICTGW_Probe
Raised violation: Unattended event - Rule fired:catchFirstAndCheckSecond


2026-04-10T12:18:54.559+0200 [Thread-7] INFO  it.cnr.isti.labsedc.concern.notification.NotificationManager - 
Received violation event from: ICTGW_Probe
Raised violation: Unattended event - Rule fired:checkStarter


2026-04-10T12:18:54.674+0200 [Thread-7] INFO  it.cnr.isti.labsedc.concern.notification.NotificationManager - 
Received violation event from: ICTGW_Probe
Raised violation: Unattended event - Rule fired:checkForCorrectFourth


2026-04-10T12:18:54.681+0200 [Thread-7] INFO  it.cnr.isti.labsedc.concern.notification.NotificationManager - 
Received violation event from: ICTGW_Probe
Raised violation: Unattended event - Rule fired:catchFirstAndCheckSecond


2026-04-10T12:18:54.688+0200 [Thread-7] INFO  it.cnr.isti.labsedc.concern.notification.NotificationManager - 
Received violation event from: ICTGW_Probe
Raised violation: Unattended event - Rule fired:checkStarter


2026-04-10T12:18:54.693+0200 [Thread-7] INFO  it.cnr.isti.labsedc.concern.notification.NotificationManager - 
Received violation event from: ICTGW_Probe
Raised violation: Unattended event - Rule fired:catchFirstAndCheckSecond


2026-04-10T12:18:54.801+0200 [Thread-7] INFO  it.cnr.isti.labsedc.concern.notification.NotificationManager - 
Received violation event from: ICTGW_Probe
Raised violation: Unattended event - Rule fired:catchFirstAndCheckSecond


2026-04-10T12:18:54.806+0200 [Thread-7] INFO  it.cnr.isti.labsedc.concern.notification.NotificationManager - 
Received violation event from: ICTGW_Probe
Raised violation: Unattended event - Rule fired:checkStarter


2026-04-10T12:18:54.921+0200 [Thread-7] INFO  it.cnr.isti.labsedc.concern.notification.NotificationManager - 
Received violation event from: ICTGW_Probe
Raised violation: Unattended event - Rule fired:checkForCorrectFourth


2026-04-10T12:18:54.931+0200 [Thread-7] INFO  it.cnr.isti.labsedc.concern.notification.NotificationManager - 
Received violation event from: ICTGW_Probe
Raised violation: Unattended event - Rule fired:catchFirstAndCheckSecond


2026-04-10T12:18:55.044+0200 [Thread-7] INFO  it.cnr.isti.labsedc.concern.notification.NotificationManager - 
Received violation event from: ICTGW_Probe
Raised violation: Unattended event - Rule fired:checkForCorrectFourth


2026-04-10T12:18:55.053+0200 [Thread-7] INFO  it.cnr.isti.labsedc.concern.notification.NotificationManager - 
Received violation event from: ICTGW_Probe
Raised violation: Unattended event - Rule fired:catchFirstAndCheckSecond


2026-04-10T12:18:55.166+0200 [Thread-7] INFO  it.cnr.isti.labsedc.concern.notification.NotificationManager - 
Received violation event from: ICTGW_Probe
Raised violation: Unattended event - Rule fired:checkForCorrectFourth


2026-04-10T12:18:55.175+0200 [Thread-7] INFO  it.cnr.isti.labsedc.concern.notification.NotificationManager - 
Received violation event from: ICTGW_Probe
Raised violation: Unattended event - Rule fired:catchFirstAndCheckSecond


2026-04-10T12:18:55.291+0200 [Thread-7] INFO  it.cnr.isti.labsedc.concern.notification.NotificationManager - 
Received violation event from: ICTGW_Probe
Raised violation: Unattended event - Rule fired:checkForCorrectFourth


2026-04-10T12:18:55.300+0200 [Thread-7] INFO  it.cnr.isti.labsedc.concern.notification.NotificationManager - 
Received violation event from: ICTGW_Probe
Raised violation: Unattended event - Rule fired:catchFirstAndCheckSecond


2026-04-10T12:18:55.414+0200 [Thread-7] INFO  it.cnr.isti.labsedc.concern.notification.NotificationManager - 
Received violation event from: ICTGW_Probe
Raised violation: Unattended event - Rule fired:checkForCorrectFourth


2026-04-10T12:18:55.425+0200 [Thread-7] INFO  it.cnr.isti.labsedc.concern.notification.NotificationManager - 
Received violation event from: ICTGW_Probe
Raised violation: Unattended event - Rule fired:catchFirstAndCheckSecond


2026-04-10T12:18:55.433+0200 [Thread-7] INFO  it.cnr.isti.labsedc.concern.notification.NotificationManager - 
Received violation event from: ICTGW_Probe
Raised violation: Unattended event - Rule fired:checkStarter


2026-04-10T12:18:55.438+0200 [Thread-7] INFO  it.cnr.isti.labsedc.concern.notification.NotificationManager - 
Received violation event from: ICTGW_Probe
Raised violation: Unattended event - Rule fired:catchFirstAndCheckSecond


2026-04-10T12:18:55.544+0200 [Thread-7] INFO  it.cnr.isti.labsedc.concern.notification.NotificationManager - 
Received violation event from: ICTGW_Probe
Raised violation: Unattended event - Rule fired:catchFirstAndCheckSecond


2026-04-10T12:18:55.549+0200 [Thread-7] INFO  it.cnr.isti.labsedc.concern.notification.NotificationManager - 
Received violation event from: ICTGW_Probe
Raised violation: Unattended event - Rule fired:checkStarter


2026-04-10T12:18:55.663+0200 [Thread-7] INFO  it.cnr.isti.labsedc.concern.notification.NotificationManager - 
Received violation event from: ICTGW_Probe
Raised violation: Unattended event - Rule fired:checkForCorrectFourth


2026-04-10T12:18:55.675+0200 [Thread-7] INFO  it.cnr.isti.labsedc.concern.notification.NotificationManager - 
Received violation event from: ICTGW_Probe
Raised violation: Unattended event - Rule fired:catchFirstAndCheckSecond


2026-04-10T12:18:55.787+0200 [Thread-7] INFO  it.cnr.isti.labsedc.concern.notification.NotificationManager - 
Received violation event from: ICTGW_Probe
Raised violation: Unattended event - Rule fired:checkForCorrectFourth


2026-04-10T12:18:55.796+0200 [Thread-7] INFO  it.cnr.isti.labsedc.concern.notification.NotificationManager - 
Received violation event from: ICTGW_Probe
Raised violation: Unattended event - Rule fired:checkStarter


2026-04-10T12:18:55.803+0200 [Thread-7] INFO  it.cnr.isti.labsedc.concern.notification.NotificationManager - 
Received violation event from: ICTGW_Probe
Raised violation: Unattended event - Rule fired:catchFirstAndCheckSecond


2026-04-10T12:18:55.807+0200 [Thread-7] INFO  it.cnr.isti.labsedc.concern.notification.NotificationManager - 
Received violation event from: ICTGW_Probe
Raised violation: Unattended event - Rule fired:checkStarter


2026-04-10T12:18:55.812+0200 [Thread-7] INFO  it.cnr.isti.labsedc.concern.notification.NotificationManager - 
Received violation event from: ICTGW_Probe
Raised violation: Unattended event - Rule fired:checkStarter


2026-04-10T12:18:55.915+0200 [Thread-7] INFO  it.cnr.isti.labsedc.concern.notification.NotificationManager - 
Received violation event from: ICTGW_Probe
Raised violation: Unattended event - Rule fired:catchFirstAndCheckSecond


2026-04-10T12:18:55.919+0200 [Thread-7] INFO  it.cnr.isti.labsedc.concern.notification.NotificationManager - 
Received violation event from: ICTGW_Probe
Raised violation: Unattended event - Rule fired:checkStarter


2026-04-10T12:18:56.035+0200 [Thread-7] INFO  it.cnr.isti.labsedc.concern.notification.NotificationManager - 
Received violation event from: ICTGW_Probe
Raised violation: Unattended event - Rule fired:checkForCorrectFourth


2026-04-10T12:18:56.045+0200 [Thread-7] INFO  it.cnr.isti.labsedc.concern.notification.NotificationManager - 
Received violation event from: ICTGW_Probe
Raised violation: Unattended event - Rule fired:catchFirstAndCheckSecond


2026-04-10T12:18:56.053+0200 [Thread-7] INFO  it.cnr.isti.labsedc.concern.notification.NotificationManager - 
Received violation event from: ICTGW_Probe
Raised violation: Unattended event - Rule fired:checkStarter


2026-04-10T12:18:56.058+0200 [Thread-7] INFO  it.cnr.isti.labsedc.concern.notification.NotificationManager - 
Received violation event from: ICTGW_Probe
Raised violation: Unattended event - Rule fired:catchFirstAndCheckSecond


2026-04-10T12:18:56.166+0200 [Thread-7] INFO  it.cnr.isti.labsedc.concern.notification.NotificationManager - 
Received violation event from: ICTGW_Probe
Raised violation: Unattended event - Rule fired:catchFirstAndCheckSecond


2026-04-10T12:18:56.173+0200 [Thread-7] INFO  it.cnr.isti.labsedc.concern.notification.NotificationManager - 
Received violation event from: ICTGW_Probe
Raised violation: Unattended event - Rule fired:checkStarter


2026-04-10T12:18:56.290+0200 [Thread-7] INFO  it.cnr.isti.labsedc.concern.notification.NotificationManager - 
Received violation event from: ICTGW_Probe
Raised violation: Unattended event - Rule fired:checkForCorrectFourth


2026-04-10T12:18:56.301+0200 [Thread-7] INFO  it.cnr.isti.labsedc.concern.notification.NotificationManager - 
Received violation event from: ICTGW_Probe
Raised violation: Unattended event - Rule fired:checkStarter


2026-04-10T12:18:56.307+0200 [Thread-7] INFO  it.cnr.isti.labsedc.concern.notification.NotificationManager - 
Received violation event from: ICTGW_Probe
Raised violation: Unattended event - Rule fired:catchFirstAndCheckSecond


2026-04-10T12:18:56.312+0200 [Thread-7] INFO  it.cnr.isti.labsedc.concern.notification.NotificationManager - 
Received violation event from: ICTGW_Probe
Raised violation: Unattended event - Rule fired:checkStarter


2026-04-10T12:18:56.318+0200 [Thread-7] INFO  it.cnr.isti.labsedc.concern.notification.NotificationManager - 
Received violation event from: ICTGW_Probe
Raised violation: Unattended event - Rule fired:checkStarter


2026-04-10T12:18:56.431+0200 [Thread-7] INFO  it.cnr.isti.labsedc.concern.notification.NotificationManager - 
Received violation event from: ICTGW_Probe
Raised violation: Unattended event - Rule fired:catchFirstAndCheckSecond


2026-04-10T12:18:56.440+0200 [Thread-7] INFO  it.cnr.isti.labsedc.concern.notification.NotificationManager - 
Received violation event from: ICTGW_Probe
Raised violation: Unattended event - Rule fired:checkStarter


2026-04-10T12:18:56.586+0200 [Thread-7] INFO  it.cnr.isti.labsedc.concern.notification.NotificationManager - 
Received violation event from: ICTGW_Probe
Raised violation: Unattended event - Rule fired:checkForCorrectFourth


2026-04-10T12:18:56.603+0200 [Thread-7] INFO  it.cnr.isti.labsedc.concern.notification.NotificationManager - 
Received violation event from: ICTGW_Probe
Raised violation: Unattended event - Rule fired:catchFirstAndCheckSecond


2026-04-10T12:18:56.732+0200 [Thread-7] INFO  it.cnr.isti.labsedc.concern.notification.NotificationManager - 
Received violation event from: ICTGW_Probe
Raised violation: Unattended event - Rule fired:checkForCorrectFourth


2026-04-10T12:18:56.752+0200 [Thread-7] INFO  it.cnr.isti.labsedc.concern.notification.NotificationManager - 
Received violation event from: ICTGW_Probe
Raised violation: Unattended event - Rule fired:catchFirstAndCheckSecond


2026-04-10T12:18:56.865+0200 [Thread-7] INFO  it.cnr.isti.labsedc.concern.notification.NotificationManager - 
Received violation event from: ICTGW_Probe
Raised violation: Unattended event - Rule fired:checkForCorrectFourth


2026-04-10T12:18:56.885+0200 [Thread-7] INFO  it.cnr.isti.labsedc.concern.notification.NotificationManager - 
Received violation event from: ICTGW_Probe
Raised violation: Unattended event - Rule fired:catchFirstAndCheckSecond


2026-04-10T12:18:57.005+0200 [Thread-7] INFO  it.cnr.isti.labsedc.concern.notification.NotificationManager - 
Received violation event from: ICTGW_Probe
Raised violation: Unattended event - Rule fired:checkForCorrectFourth


2026-04-10T12:18:57.018+0200 [Thread-7] INFO  it.cnr.isti.labsedc.concern.notification.NotificationManager - 
Received violation event from: ICTGW_Probe
Raised violation: Unattended event - Rule fired:catchFirstAndCheckSecond


2026-04-10T12:18:57.131+0200 [Thread-7] INFO  it.cnr.isti.labsedc.concern.notification.NotificationManager - 
Received violation event from: ICTGW_Probe
Raised violation: Unattended event - Rule fired:checkForCorrectFourth


2026-04-10T12:18:57.141+0200 [Thread-7] INFO  it.cnr.isti.labsedc.concern.notification.NotificationManager - 
Received violation event from: ICTGW_Probe
Raised violation: Unattended event - Rule fired:catchFirstAndCheckSecond


2026-04-10T12:18:57.149+0200 [Thread-7] INFO  it.cnr.isti.labsedc.concern.notification.NotificationManager - 
Received violation event from: ICTGW_Probe
Raised violation: Unattended event - Rule fired:checkStarter


2026-04-10T12:18:57.154+0200 [Thread-7] INFO  it.cnr.isti.labsedc.concern.notification.NotificationManager - 
Received violation event from: ICTGW_Probe
Raised violation: Unattended event - Rule fired:catchFirstAndCheckSecond


2026-04-10T12:18:57.259+0200 [Thread-7] INFO  it.cnr.isti.labsedc.concern.notification.NotificationManager - 
Received violation event from: ICTGW_Probe
Raised violation: Unattended event - Rule fired:catchFirstAndCheckSecond


2026-04-10T12:18:57.264+0200 [Thread-7] INFO  it.cnr.isti.labsedc.concern.notification.NotificationManager - 
Received violation event from: ICTGW_Probe
Raised violation: Unattended event - Rule fired:checkStarter


2026-04-10T12:18:57.271+0200 [Thread-7] INFO  it.cnr.isti.labsedc.concern.notification.NotificationManager - 
Received violation event from: ICTGW_Probe
Raised violation: Unattended event - Rule fired:checkStarter


2026-04-10T12:18:57.276+0200 [Thread-7] INFO  it.cnr.isti.labsedc.concern.notification.NotificationManager - 
Received violation event from: ICTGW_Probe
Raised violation: Unattended event - Rule fired:catchFirstAndCheckSecond


2026-04-10T12:18:57.381+0200 [Thread-7] INFO  it.cnr.isti.labsedc.concern.notification.NotificationManager - 
Received violation event from: ICTGW_Probe
Raised violation: Unattended event - Rule fired:catchFirstAndCheckSecond


2026-04-10T12:18:57.386+0200 [Thread-7] INFO  it.cnr.isti.labsedc.concern.notification.NotificationManager - 
Received violation event from: ICTGW_Probe
Raised violation: Unattended event - Rule fired:checkStarter


2026-04-10T12:18:57.392+0200 [Thread-7] INFO  it.cnr.isti.labsedc.concern.notification.NotificationManager - 
Received violation event from: ICTGW_Probe
Raised violation: Unattended event - Rule fired:checkStarter


2026-04-10T12:18:57.397+0200 [Thread-7] INFO  it.cnr.isti.labsedc.concern.notification.NotificationManager - 
Received violation event from: ICTGW_Probe
Raised violation: Unattended event - Rule fired:catchFirstAndCheckSecond


2026-04-10T12:18:57.505+0200 [Thread-7] INFO  it.cnr.isti.labsedc.concern.notification.NotificationManager - 
Received violation event from: ICTGW_Probe
Raised violation: Unattended event - Rule fired:catchFirstAndCheckSecond


2026-04-10T12:18:57.511+0200 [Thread-7] INFO  it.cnr.isti.labsedc.concern.notification.NotificationManager - 
Received violation event from: ICTGW_Probe
Raised violation: Unattended event - Rule fired:catchFirstAndCheckSecond


2026-04-10T12:18:57.515+0200 [Thread-7] INFO  it.cnr.isti.labsedc.concern.notification.NotificationManager - 
Received violation event from: ICTGW_Probe
Raised violation: Unattended event - Rule fired:checkStarter


2026-04-10T12:18:57.520+0200 [Thread-7] INFO  it.cnr.isti.labsedc.concern.notification.NotificationManager - 
Received violation event from: ICTGW_Probe
Raised violation: Unattended event - Rule fired:checkStarter


2026-04-10T12:18:57.625+0200 [Thread-7] INFO  it.cnr.isti.labsedc.concern.notification.NotificationManager - 
Received violation event from: ICTGW_Probe
Raised violation: Unattended event - Rule fired:catchFirstAndCheckSecond


2026-04-10T12:18:57.629+0200 [Thread-7] INFO  it.cnr.isti.labsedc.concern.notification.NotificationManager - 
Received violation event from: ICTGW_Probe
Raised violation: Unattended event - Rule fired:checkStarter


2026-04-10T12:18:57.743+0200 [Thread-7] INFO  it.cnr.isti.labsedc.concern.notification.NotificationManager - 
Received violation event from: ICTGW_Probe
Raised violation: Unattended event - Rule fired:checkForCorrectFourth


2026-04-10T12:18:57.752+0200 [Thread-7] INFO  it.cnr.isti.labsedc.concern.notification.NotificationManager - 
Received violation event from: ICTGW_Probe
Raised violation: Unattended event - Rule fired:checkStarter


2026-04-10T12:18:57.757+0200 [Thread-7] INFO  it.cnr.isti.labsedc.concern.notification.NotificationManager - 
Received violation event from: ICTGW_Probe
Raised violation: Unattended event - Rule fired:catchFirstAndCheckSecond


2026-04-10T12:18:57.761+0200 [Thread-7] INFO  it.cnr.isti.labsedc.concern.notification.NotificationManager - 
Received violation event from: ICTGW_Probe
Raised violation: Unattended event - Rule fired:checkStarter


2026-04-10T12:18:57.765+0200 [Thread-7] INFO  it.cnr.isti.labsedc.concern.notification.NotificationManager - 
Received violation event from: ICTGW_Probe
Raised violation: Unattended event - Rule fired:checkStarter


2026-04-10T12:18:57.870+0200 [Thread-7] INFO  it.cnr.isti.labsedc.concern.notification.NotificationManager - 
Received violation event from: ICTGW_Probe
Raised violation: Unattended event - Rule fired:catchFirstAndCheckSecond


2026-04-10T12:18:57.874+0200 [Thread-7] INFO  it.cnr.isti.labsedc.concern.notification.NotificationManager - 
Received violation event from: ICTGW_Probe
Raised violation: Unattended event - Rule fired:checkStarter


2026-04-10T12:18:57.988+0200 [Thread-7] INFO  it.cnr.isti.labsedc.concern.notification.NotificationManager - 
Received violation event from: ICTGW_Probe
Raised violation: Unattended event - Rule fired:checkForCorrectFourth


2026-04-10T12:18:57.996+0200 [Thread-7] INFO  it.cnr.isti.labsedc.concern.notification.NotificationManager - 
Received violation event from: ICTGW_Probe
Raised violation: Unattended event - Rule fired:checkStarter


2026-04-10T12:18:58.001+0200 [Thread-7] INFO  it.cnr.isti.labsedc.concern.notification.NotificationManager - 
Received violation event from: ICTGW_Probe
Raised violation: Unattended event - Rule fired:catchFirstAndCheckSecond


2026-04-10T12:18:58.004+0200 [Thread-7] INFO  it.cnr.isti.labsedc.concern.notification.NotificationManager - 
Received violation event from: ICTGW_Probe
Raised violation: Unattended event - Rule fired:checkStarter


2026-04-10T12:18:58.008+0200 [Thread-7] INFO  it.cnr.isti.labsedc.concern.notification.NotificationManager - 
Received violation event from: ICTGW_Probe
Raised violation: Unattended event - Rule fired:checkStarter


2026-04-10T12:18:58.113+0200 [Thread-7] INFO  it.cnr.isti.labsedc.concern.notification.NotificationManager - 
Received violation event from: ICTGW_Probe
Raised violation: Unattended event - Rule fired:catchFirstAndCheckSecond


2026-04-10T12:18:58.117+0200 [Thread-7] INFO  it.cnr.isti.labsedc.concern.notification.NotificationManager - 
Received violation event from: ICTGW_Probe
Raised violation: Unattended event - Rule fired:checkStarter


2026-04-10T12:18:58.124+0200 [Thread-7] INFO  it.cnr.isti.labsedc.concern.notification.NotificationManager - 
Received violation event from: ICTGW_Probe
Raised violation: Unattended event - Rule fired:checkStarter


2026-04-10T12:18:58.129+0200 [Thread-7] INFO  it.cnr.isti.labsedc.concern.notification.NotificationManager - 
Received violation event from: ICTGW_Probe
Raised violation: Unattended event - Rule fired:catchFirstAndCheckSecond


2026-04-10T12:18:58.236+0200 [Thread-7] INFO  it.cnr.isti.labsedc.concern.notification.NotificationManager - 
Received violation event from: ICTGW_Probe
Raised violation: Unattended event - Rule fired:checkStarter


2026-04-10T12:18:58.241+0200 [Thread-7] INFO  it.cnr.isti.labsedc.concern.notification.NotificationManager - 
Received violation event from: ICTGW_Probe
Raised violation: Unattended event - Rule fired:catchFirstAndCheckSecond


2026-04-10T12:18:58.350+0200 [Thread-7] INFO  it.cnr.isti.labsedc.concern.notification.NotificationManager - 
Received violation event from: ICTGW_Probe
Raised violation: Unattended event - Rule fired:checkForCorrectFourth


2026-04-10T12:18:58.359+0200 [Thread-7] INFO  it.cnr.isti.labsedc.concern.notification.NotificationManager - 
Received violation event from: ICTGW_Probe
Raised violation: Unattended event - Rule fired:checkStarter


2026-04-10T12:18:58.363+0200 [Thread-7] INFO  it.cnr.isti.labsedc.concern.notification.NotificationManager - 
Received violation event from: ICTGW_Probe
Raised violation: Unattended event - Rule fired:catchFirstAndCheckSecond


2026-04-10T12:18:58.367+0200 [Thread-7] INFO  it.cnr.isti.labsedc.concern.notification.NotificationManager - 
Received violation event from: ICTGW_Probe
Raised violation: Unattended event - Rule fired:checkStarter


2026-04-10T12:18:58.371+0200 [Thread-7] INFO  it.cnr.isti.labsedc.concern.notification.NotificationManager - 
Received violation event from: ICTGW_Probe
Raised violation: Unattended event - Rule fired:checkStarter


2026-04-10T12:18:58.476+0200 [Thread-7] INFO  it.cnr.isti.labsedc.concern.notification.NotificationManager - 
Received violation event from: ICTGW_Probe
Raised violation: Unattended event - Rule fired:catchFirstAndCheckSecond


2026-04-10T12:18:58.480+0200 [Thread-7] INFO  it.cnr.isti.labsedc.concern.notification.NotificationManager - 
Received violation event from: ICTGW_Probe
Raised violation: Unattended event - Rule fired:checkStarter


2026-04-10T12:18:58.487+0200 [Thread-7] INFO  it.cnr.isti.labsedc.concern.notification.NotificationManager - 
Received violation event from: ICTGW_Probe
Raised violation: Unattended event - Rule fired:checkStarter


2026-04-10T12:18:58.491+0200 [Thread-7] INFO  it.cnr.isti.labsedc.concern.notification.NotificationManager - 
Received violation event from: ICTGW_Probe
Raised violation: Unattended event - Rule fired:catchFirstAndCheckSecond


2026-04-10T12:18:58.597+0200 [Thread-7] INFO  it.cnr.isti.labsedc.concern.notification.NotificationManager - 
Received violation event from: ICTGW_Probe
Raised violation: Unattended event - Rule fired:catchFirstAndCheckSecond


2026-04-10T12:18:58.600+0200 [Thread-7] INFO  it.cnr.isti.labsedc.concern.notification.NotificationManager - 
Received violation event from: ICTGW_Probe
Raised violation: Unattended event - Rule fired:checkStarter


2026-04-10T12:18:58.715+0200 [Thread-7] INFO  it.cnr.isti.labsedc.concern.notification.NotificationManager - 
Received violation event from: ICTGW_Probe
Raised violation: Unattended event - Rule fired:checkForCorrectFourth


2026-04-10T12:18:58.723+0200 [Thread-7] INFO  it.cnr.isti.labsedc.concern.notification.NotificationManager - 
Received violation event from: ICTGW_Probe
Raised violation: Unattended event - Rule fired:catchFirstAndCheckSecond


2026-04-10T12:18:58.838+0200 [Thread-7] INFO  it.cnr.isti.labsedc.concern.notification.NotificationManager - 
Received violation event from: ICTGW_Probe
Raised violation: Unattended event - Rule fired:checkForCorrectFourth


2026-04-10T12:18:58.846+0200 [Thread-7] INFO  it.cnr.isti.labsedc.concern.notification.NotificationManager - 
Received violation event from: ICTGW_Probe
Raised violation: Unattended event - Rule fired:catchFirstAndCheckSecond


2026-04-10T12:18:58.852+0200 [Thread-7] INFO  it.cnr.isti.labsedc.concern.notification.NotificationManager - 
Received violation event from: ICTGW_Probe
Raised violation: Unattended event - Rule fired:checkStarter


2026-04-10T12:18:58.856+0200 [Thread-7] INFO  it.cnr.isti.labsedc.concern.notification.NotificationManager - 
Received violation event from: ICTGW_Probe
Raised violation: Unattended event - Rule fired:catchFirstAndCheckSecond


2026-04-10T12:18:58.967+0200 [Thread-7] INFO  it.cnr.isti.labsedc.concern.notification.NotificationManager - 
Received violation event from: ICTGW_Probe
Raised violation: Unattended event - Rule fired:catchFirstAndCheckSecond


2026-04-10T12:18:58.971+0200 [Thread-7] INFO  it.cnr.isti.labsedc.concern.notification.NotificationManager - 
Received violation event from: ICTGW_Probe
Raised violation: Unattended event - Rule fired:catchFirstAndCheckSecond


2026-04-10T12:18:58.974+0200 [Thread-7] INFO  it.cnr.isti.labsedc.concern.notification.NotificationManager - 
Received violation event from: ICTGW_Probe
Raised violation: Unattended event - Rule fired:checkStarter


2026-04-10T12:18:58.979+0200 [Thread-7] INFO  it.cnr.isti.labsedc.concern.notification.NotificationManager - 
Received violation event from: ICTGW_Probe
Raised violation: Unattended event - Rule fired:checkStarter


2026-04-10T12:18:59.084+0200 [Thread-7] INFO  it.cnr.isti.labsedc.concern.notification.NotificationManager - 
Received violation event from: ICTGW_Probe
Raised violation: Unattended event - Rule fired:catchFirstAndCheckSecond


2026-04-10T12:18:59.088+0200 [Thread-7] INFO  it.cnr.isti.labsedc.concern.notification.NotificationManager - 
Received violation event from: ICTGW_Probe
Raised violation: Unattended event - Rule fired:checkStarter


2026-04-10T12:18:59.094+0200 [Thread-7] INFO  it.cnr.isti.labsedc.concern.notification.NotificationManager - 
Received violation event from: ICTGW_Probe
Raised violation: Unattended event - Rule fired:checkStarter


2026-04-10T12:18:59.099+0200 [Thread-7] INFO  it.cnr.isti.labsedc.concern.notification.NotificationManager - 
Received violation event from: ICTGW_Probe
Raised violation: Unattended event - Rule fired:catchFirstAndCheckSecond


2026-04-10T12:18:59.206+0200 [Thread-7] INFO  it.cnr.isti.labsedc.concern.notification.NotificationManager - 
Received violation event from: ICTGW_Probe
Raised violation: Unattended event - Rule fired:catchFirstAndCheckSecond


2026-04-10T12:18:59.210+0200 [Thread-7] INFO  it.cnr.isti.labsedc.concern.notification.NotificationManager - 
Received violation event from: ICTGW_Probe
Raised violation: Unattended event - Rule fired:checkStarter


2026-04-10T12:18:59.217+0200 [Thread-7] INFO  it.cnr.isti.labsedc.concern.notification.NotificationManager - 
Received violation event from: ICTGW_Probe
Raised violation: Unattended event - Rule fired:checkStarter


2026-04-10T12:18:59.222+0200 [Thread-7] INFO  it.cnr.isti.labsedc.concern.notification.NotificationManager - 
Received violation event from: ICTGW_Probe
Raised violation: Unattended event - Rule fired:catchFirstAndCheckSecond


2026-04-10T12:18:59.327+0200 [Thread-7] INFO  it.cnr.isti.labsedc.concern.notification.NotificationManager - 
Received violation event from: ICTGW_Probe
Raised violation: Unattended event - Rule fired:catchFirstAndCheckSecond


2026-04-10T12:18:59.332+0200 [Thread-7] INFO  it.cnr.isti.labsedc.concern.notification.NotificationManager - 
Received violation event from: ICTGW_Probe
Raised violation: Unattended event - Rule fired:checkStarter


2026-04-10T12:18:59.338+0200 [Thread-7] INFO  it.cnr.isti.labsedc.concern.notification.NotificationManager - 
Received violation event from: ICTGW_Probe
Raised violation: Unattended event - Rule fired:checkStarter


2026-04-10T12:18:59.342+0200 [Thread-7] INFO  it.cnr.isti.labsedc.concern.notification.NotificationManager - 
Received violation event from: ICTGW_Probe
Raised violation: Unattended event - Rule fired:catchFirstAndCheckSecond


2026-04-10T12:18:59.448+0200 [Thread-7] INFO  it.cnr.isti.labsedc.concern.notification.NotificationManager - 
Received violation event from: ICTGW_Probe
Raised violation: Unattended event - Rule fired:catchFirstAndCheckSecond


2026-04-10T12:18:59.452+0200 [Thread-7] INFO  it.cnr.isti.labsedc.concern.notification.NotificationManager - 
Received violation event from: ICTGW_Probe
Raised violation: Unattended event - Rule fired:checkStarter


2026-04-10T12:18:59.458+0200 [Thread-7] INFO  it.cnr.isti.labsedc.concern.notification.NotificationManager - 
Received violation event from: ICTGW_Probe
Raised violation: Unattended event - Rule fired:checkStarter


2026-04-10T12:18:59.463+0200 [Thread-7] INFO  it.cnr.isti.labsedc.concern.notification.NotificationManager - 
Received violation event from: ICTGW_Probe
Raised violation: Unattended event - Rule fired:catchFirstAndCheckSecond


2026-04-10T12:18:59.571+0200 [Thread-7] INFO  it.cnr.isti.labsedc.concern.notification.NotificationManager - 
Received violation event from: ICTGW_Probe
Raised violation: Unattended event - Rule fired:catchFirstAndCheckSecond


2026-04-10T12:18:59.575+0200 [Thread-7] INFO  it.cnr.isti.labsedc.concern.notification.NotificationManager - 
Received violation event from: ICTGW_Probe
Raised violation: Unattended event - Rule fired:checkStarter


2026-04-10T12:18:59.687+0200 [Thread-7] INFO  it.cnr.isti.labsedc.concern.notification.NotificationManager - 
Received violation event from: ICTGW_Probe
Raised violation: Unattended event - Rule fired:checkForCorrectFourth


2026-04-10T12:18:59.695+0200 [Thread-7] INFO  it.cnr.isti.labsedc.concern.notification.NotificationManager - 
Received violation event from: ICTGW_Probe
Raised violation: Unattended event - Rule fired:catchFirstAndCheckSecond


2026-04-10T12:18:59.808+0200 [Thread-7] INFO  it.cnr.isti.labsedc.concern.notification.NotificationManager - 
Received violation event from: ICTGW_Probe
Raised violation: Unattended event - Rule fired:checkForCorrectFourth


2026-04-10T12:18:59.816+0200 [Thread-7] INFO  it.cnr.isti.labsedc.concern.notification.NotificationManager - 
Received violation event from: ICTGW_Probe
Raised violation: Unattended event - Rule fired:checkStarter


2026-04-10T12:18:59.822+0200 [Thread-7] INFO  it.cnr.isti.labsedc.concern.notification.NotificationManager - 
Received violation event from: ICTGW_Probe
Raised violation: Unattended event - Rule fired:catchFirstAndCheckSecond


2026-04-10T12:18:59.825+0200 [Thread-7] INFO  it.cnr.isti.labsedc.concern.notification.NotificationManager - 
Received violation event from: ICTGW_Probe
Raised violation: Unattended event - Rule fired:checkStarter


2026-04-10T12:18:59.829+0200 [Thread-7] INFO  it.cnr.isti.labsedc.concern.notification.NotificationManager - 
Received violation event from: ICTGW_Probe
Raised violation: Unattended event - Rule fired:checkStarter


2026-04-10T12:18:59.933+0200 [Thread-7] INFO  it.cnr.isti.labsedc.concern.notification.NotificationManager - 
Received violation event from: ICTGW_Probe
Raised violation: Unattended event - Rule fired:catchFirstAndCheckSecond


2026-04-10T12:18:59.937+0200 [Thread-7] INFO  it.cnr.isti.labsedc.concern.notification.NotificationManager - 
Received violation event from: ICTGW_Probe
Raised violation: Unattended event - Rule fired:checkStarter


2026-04-10T12:19:00.051+0200 [Thread-7] INFO  it.cnr.isti.labsedc.concern.notification.NotificationManager - 
Received violation event from: ICTGW_Probe
Raised violation: Unattended event - Rule fired:checkForCorrectFourth


2026-04-10T12:19:00.058+0200 [Thread-7] INFO  it.cnr.isti.labsedc.concern.notification.NotificationManager - 
Received violation event from: ICTGW_Probe
Raised violation: Unattended event - Rule fired:catchFirstAndCheckSecond


2026-04-10T12:19:00.171+0200 [Thread-7] INFO  it.cnr.isti.labsedc.concern.notification.NotificationManager - 
Received violation event from: ICTGW_Probe
Raised violation: Unattended event - Rule fired:checkForCorrectFourth


2026-04-10T12:19:00.187+0200 [Thread-7] INFO  it.cnr.isti.labsedc.concern.notification.NotificationManager - 
Received violation event from: ICTGW_Probe
Raised violation: Unattended event - Rule fired:catchFirstAndCheckSecond


2026-04-10T12:19:00.291+0200 [Thread-7] INFO  it.cnr.isti.labsedc.concern.notification.NotificationManager - 
Received violation event from: ICTGW_Probe
Raised violation: Unattended event - Rule fired:checkForCorrectFourth


2026-04-10T12:19:00.299+0200 [Thread-7] INFO  it.cnr.isti.labsedc.concern.notification.NotificationManager - 
Received violation event from: ICTGW_Probe
Raised violation: Unattended event - Rule fired:checkStarter


2026-04-10T12:19:00.303+0200 [Thread-7] INFO  it.cnr.isti.labsedc.concern.notification.NotificationManager - 
Received violation event from: ICTGW_Probe
Raised violation: Unattended event - Rule fired:catchFirstAndCheckSecond


2026-04-10T12:19:00.306+0200 [Thread-7] INFO  it.cnr.isti.labsedc.concern.notification.NotificationManager - 
Received violation event from: ICTGW_Probe
Raised violation: Unattended event - Rule fired:checkStarter


2026-04-10T12:19:00.310+0200 [Thread-7] INFO  it.cnr.isti.labsedc.concern.notification.NotificationManager - 
Received violation event from: ICTGW_Probe
Raised violation: Unattended event - Rule fired:checkStarter


2026-04-10T12:19:00.419+0200 [Thread-7] INFO  it.cnr.isti.labsedc.concern.notification.NotificationManager - 
Received violation event from: ICTGW_Probe
Raised violation: Unattended event - Rule fired:catchFirstAndCheckSecond


2026-04-10T12:19:00.424+0200 [Thread-7] INFO  it.cnr.isti.labsedc.concern.notification.NotificationManager - 
Received violation event from: ICTGW_Probe
Raised violation: Unattended event - Rule fired:catchFirstAndCheckSecond


2026-04-10T12:19:00.428+0200 [Thread-7] INFO  it.cnr.isti.labsedc.concern.notification.NotificationManager - 
Received violation event from: ICTGW_Probe
Raised violation: Unattended event - Rule fired:checkStarter


2026-04-10T12:19:00.433+0200 [Thread-7] INFO  it.cnr.isti.labsedc.concern.notification.NotificationManager - 
Received violation event from: ICTGW_Probe
Raised violation: Unattended event - Rule fired:checkStarter


2026-04-10T12:19:00.540+0200 [Thread-7] INFO  it.cnr.isti.labsedc.concern.notification.NotificationManager - 
Received violation event from: ICTGW_Probe
Raised violation: Unattended event - Rule fired:catchFirstAndCheckSecond


2026-04-10T12:19:00.545+0200 [Thread-7] INFO  it.cnr.isti.labsedc.concern.notification.NotificationManager - 
Received violation event from: ICTGW_Probe
Raised violation: Unattended event - Rule fired:catchFirstAndCheckSecond


2026-04-10T12:19:00.548+0200 [Thread-7] INFO  it.cnr.isti.labsedc.concern.notification.NotificationManager - 
Received violation event from: ICTGW_Probe
Raised violation: Unattended event - Rule fired:checkStarter


2026-04-10T12:19:00.552+0200 [Thread-7] INFO  it.cnr.isti.labsedc.concern.notification.NotificationManager - 
Received violation event from: ICTGW_Probe
Raised violation: Unattended event - Rule fired:checkStarter


2026-04-10T12:19:00.662+0200 [Thread-7] INFO  it.cnr.isti.labsedc.concern.notification.NotificationManager - 
Received violation event from: ICTGW_Probe
Raised violation: Unattended event - Rule fired:catchFirstAndCheckSecond


2026-04-10T12:19:00.667+0200 [Thread-7] INFO  it.cnr.isti.labsedc.concern.notification.NotificationManager - 
Received violation event from: ICTGW_Probe
Raised violation: Unattended event - Rule fired:catchFirstAndCheckSecond


2026-04-10T12:19:00.671+0200 [Thread-7] INFO  it.cnr.isti.labsedc.concern.notification.NotificationManager - 
Received violation event from: ICTGW_Probe
Raised violation: Unattended event - Rule fired:checkStarter


2026-04-10T12:19:00.674+0200 [Thread-7] INFO  it.cnr.isti.labsedc.concern.notification.NotificationManager - 
Received violation event from: ICTGW_Probe
Raised violation: Unattended event - Rule fired:checkStarter


2026-04-10T12:19:00.779+0200 [Thread-7] INFO  it.cnr.isti.labsedc.concern.notification.NotificationManager - 
Received violation event from: ICTGW_Probe
Raised violation: Unattended event - Rule fired:catchFirstAndCheckSecond


2026-04-10T12:19:00.783+0200 [Thread-7] INFO  it.cnr.isti.labsedc.concern.notification.NotificationManager - 
Received violation event from: ICTGW_Probe
Raised violation: Unattended event - Rule fired:checkStarter


2026-04-10T12:19:00.789+0200 [Thread-7] INFO  it.cnr.isti.labsedc.concern.notification.NotificationManager - 
Received violation event from: ICTGW_Probe
Raised violation: Unattended event - Rule fired:checkStarter


2026-04-10T12:19:00.794+0200 [Thread-7] INFO  it.cnr.isti.labsedc.concern.notification.NotificationManager - 
Received violation event from: ICTGW_Probe
Raised violation: Unattended event - Rule fired:catchFirstAndCheckSecond


2026-04-10T12:19:00.900+0200 [Thread-7] INFO  it.cnr.isti.labsedc.concern.notification.NotificationManager - 
Received violation event from: ICTGW_Probe
Raised violation: Unattended event - Rule fired:catchFirstAndCheckSecond


2026-04-10T12:19:00.904+0200 [Thread-7] INFO  it.cnr.isti.labsedc.concern.notification.NotificationManager - 
Received violation event from: ICTGW_Probe
Raised violation: Unattended event - Rule fired:checkStarter


2026-04-10T12:19:00.912+0200 [Thread-7] INFO  it.cnr.isti.labsedc.concern.notification.NotificationManager - 
Received violation event from: ICTGW_Probe
Raised violation: Unattended event - Rule fired:checkStarter


2026-04-10T12:19:00.916+0200 [Thread-7] INFO  it.cnr.isti.labsedc.concern.notification.NotificationManager - 
Received violation event from: ICTGW_Probe
Raised violation: Unattended event - Rule fired:catchFirstAndCheckSecond


2026-04-10T12:19:01.020+0200 [Thread-7] INFO  it.cnr.isti.labsedc.concern.notification.NotificationManager - 
Received violation event from: ICTGW_Probe
Raised violation: Unattended event - Rule fired:catchFirstAndCheckSecond


2026-04-10T12:19:01.024+0200 [Thread-7] INFO  it.cnr.isti.labsedc.concern.notification.NotificationManager - 
Received violation event from: ICTGW_Probe
Raised violation: Unattended event - Rule fired:checkStarter


2026-04-10T12:19:01.032+0200 [Thread-7] INFO  it.cnr.isti.labsedc.concern.notification.NotificationManager - 
Received violation event from: ICTGW_Probe
Raised violation: Unattended event - Rule fired:checkStarter


2026-04-10T12:19:01.036+0200 [Thread-7] INFO  it.cnr.isti.labsedc.concern.notification.NotificationManager - 
Received violation event from: ICTGW_Probe
Raised violation: Unattended event - Rule fired:catchFirstAndCheckSecond


2026-04-10T12:19:01.140+0200 [Thread-7] INFO  it.cnr.isti.labsedc.concern.notification.NotificationManager - 
Received violation event from: ICTGW_Probe
Raised violation: Unattended event - Rule fired:catchFirstAndCheckSecond


2026-04-10T12:19:01.145+0200 [Thread-7] INFO  it.cnr.isti.labsedc.concern.notification.NotificationManager - 
Received violation event from: ICTGW_Probe
Raised violation: Unattended event - Rule fired:checkStarter


2026-04-10T12:19:01.258+0200 [Thread-7] INFO  it.cnr.isti.labsedc.concern.notification.NotificationManager - 
Received violation event from: ICTGW_Probe
Raised violation: Unattended event - Rule fired:checkForCorrectFourth


2026-04-10T12:19:01.268+0200 [Thread-7] INFO  it.cnr.isti.labsedc.concern.notification.NotificationManager - 
Received violation event from: ICTGW_Probe
Raised violation: Unattended event - Rule fired:checkStarter


2026-04-10T12:19:01.274+0200 [Thread-7] INFO  it.cnr.isti.labsedc.concern.notification.NotificationManager - 
Received violation event from: ICTGW_Probe
Raised violation: Unattended event - Rule fired:catchFirstAndCheckSecond


2026-04-10T12:19:01.279+0200 [Thread-7] INFO  it.cnr.isti.labsedc.concern.notification.NotificationManager - 
Received violation event from: ICTGW_Probe
Raised violation: Unattended event - Rule fired:checkStarter


2026-04-10T12:19:01.284+0200 [Thread-7] INFO  it.cnr.isti.labsedc.concern.notification.NotificationManager - 
Received violation event from: ICTGW_Probe
Raised violation: Unattended event - Rule fired:checkStarter


2026-04-10T12:19:01.384+0200 [Thread-7] INFO  it.cnr.isti.labsedc.concern.notification.NotificationManager - 
Received violation event from: ICTGW_Probe
Raised violation: Unattended event - Rule fired:catchFirstAndCheckSecond


2026-04-10T12:19:01.389+0200 [Thread-7] INFO  it.cnr.isti.labsedc.concern.notification.NotificationManager - 
Received violation event from: ICTGW_Probe
Raised violation: Unattended event - Rule fired:checkStarter


2026-04-10T12:19:01.397+0200 [Thread-7] INFO  it.cnr.isti.labsedc.concern.notification.NotificationManager - 
Received violation event from: ICTGW_Probe
Raised violation: Unattended event - Rule fired:checkStarter


2026-04-10T12:19:01.403+0200 [Thread-7] INFO  it.cnr.isti.labsedc.concern.notification.NotificationManager - 
Received violation event from: ICTGW_Probe
Raised violation: Unattended event - Rule fired:catchFirstAndCheckSecond


2026-04-10T12:19:01.506+0200 [Thread-7] INFO  it.cnr.isti.labsedc.concern.notification.NotificationManager - 
Received violation event from: ICTGW_Probe
Raised violation: Unattended event - Rule fired:catchFirstAndCheckSecond


2026-04-10T12:19:01.511+0200 [Thread-7] INFO  it.cnr.isti.labsedc.concern.notification.NotificationManager - 
Received violation event from: ICTGW_Probe
Raised violation: Unattended event - Rule fired:checkStarter


2026-04-10T12:19:01.519+0200 [Thread-7] INFO  it.cnr.isti.labsedc.concern.notification.NotificationManager - 
Received violation event from: ICTGW_Probe
Raised violation: Unattended event - Rule fired:checkStarter


2026-04-10T12:19:01.524+0200 [Thread-7] INFO  it.cnr.isti.labsedc.concern.notification.NotificationManager - 
Received violation event from: ICTGW_Probe
Raised violation: Unattended event - Rule fired:catchFirstAndCheckSecond


2026-04-10T12:19:01.629+0200 [Thread-7] INFO  it.cnr.isti.labsedc.concern.notification.NotificationManager - 
Received violation event from: ICTGW_Probe
Raised violation: Unattended event - Rule fired:catchFirstAndCheckSecond


2026-04-10T12:19:01.634+0200 [Thread-7] INFO  it.cnr.isti.labsedc.concern.notification.NotificationManager - 
Received violation event from: ICTGW_Probe
Raised violation: Unattended event - Rule fired:checkStarter


2026-04-10T12:19:01.748+0200 [Thread-7] INFO  it.cnr.isti.labsedc.concern.notification.NotificationManager - 
Received violation event from: ICTGW_Probe
Raised violation: Unattended event - Rule fired:checkForCorrectFourth


2026-04-10T12:19:01.757+0200 [Thread-7] INFO  it.cnr.isti.labsedc.concern.notification.NotificationManager - 
Received violation event from: ICTGW_Probe
Raised violation: Unattended event - Rule fired:catchFirstAndCheckSecond


2026-04-10T12:19:01.870+0200 [Thread-7] INFO  it.cnr.isti.labsedc.concern.notification.NotificationManager - 
Received violation event from: ICTGW_Probe
Raised violation: Unattended event - Rule fired:checkForCorrectFourth


2026-04-10T12:19:01.879+0200 [Thread-7] INFO  it.cnr.isti.labsedc.concern.notification.NotificationManager - 
Received violation event from: ICTGW_Probe
Raised violation: Unattended event - Rule fired:catchFirstAndCheckSecond


2026-04-10T12:19:01.991+0200 [Thread-7] INFO  it.cnr.isti.labsedc.concern.notification.NotificationManager - 
Received violation event from: ICTGW_Probe
Raised violation: Unattended event - Rule fired:checkForCorrectFourth


2026-04-10T12:19:02.000+0200 [Thread-7] INFO  it.cnr.isti.labsedc.concern.notification.NotificationManager - 
Received violation event from: ICTGW_Probe
Raised violation: Unattended event - Rule fired:catchFirstAndCheckSecond


2026-04-10T12:19:02.113+0200 [Thread-7] INFO  it.cnr.isti.labsedc.concern.notification.NotificationManager - 
Received violation event from: ICTGW_Probe
Raised violation: Unattended event - Rule fired:checkForCorrectFourth


2026-04-10T12:19:02.122+0200 [Thread-7] INFO  it.cnr.isti.labsedc.concern.notification.NotificationManager - 
Received violation event from: ICTGW_Probe
Raised violation: Unattended event - Rule fired:checkStarter


2026-04-10T12:19:02.129+0200 [Thread-7] INFO  it.cnr.isti.labsedc.concern.notification.NotificationManager - 
Received violation event from: ICTGW_Probe
Raised violation: Unattended event - Rule fired:catchFirstAndCheckSecond


2026-04-10T12:19:02.133+0200 [Thread-7] INFO  it.cnr.isti.labsedc.concern.notification.NotificationManager - 
Received violation event from: ICTGW_Probe
Raised violation: Unattended event - Rule fired:checkStarter


2026-04-10T12:19:02.138+0200 [Thread-7] INFO  it.cnr.isti.labsedc.concern.notification.NotificationManager - 
Received violation event from: ICTGW_Probe
Raised violation: Unattended event - Rule fired:checkStarter


2026-04-10T12:19:02.241+0200 [Thread-7] INFO  it.cnr.isti.labsedc.concern.notification.NotificationManager - 
Received violation event from: ICTGW_Probe
Raised violation: Unattended event - Rule fired:catchFirstAndCheckSecond


2026-04-10T12:19:02.247+0200 [Thread-7] INFO  it.cnr.isti.labsedc.concern.notification.NotificationManager - 
Received violation event from: ICTGW_Probe
Raised violation: Unattended event - Rule fired:checkStarter


2026-04-10T12:19:02.256+0200 [Thread-7] INFO  it.cnr.isti.labsedc.concern.notification.NotificationManager - 
Received violation event from: ICTGW_Probe
Raised violation: Unattended event - Rule fired:checkStarter


2026-04-10T12:19:02.263+0200 [Thread-7] INFO  it.cnr.isti.labsedc.concern.notification.NotificationManager - 
Received violation event from: ICTGW_Probe
Raised violation: Unattended event - Rule fired:catchFirstAndCheckSecond


2026-04-10T12:19:02.368+0200 [Thread-7] INFO  it.cnr.isti.labsedc.concern.notification.NotificationManager - 
Received violation event from: ICTGW_Probe
Raised violation: Unattended event - Rule fired:catchFirstAndCheckSecond


2026-04-10T12:19:02.373+0200 [Thread-7] INFO  it.cnr.isti.labsedc.concern.notification.NotificationManager - 
Received violation event from: ICTGW_Probe
Raised violation: Unattended event - Rule fired:checkStarter


2026-04-10T12:19:02.488+0200 [Thread-7] INFO  it.cnr.isti.labsedc.concern.notification.NotificationManager - 
Received violation event from: ICTGW_Probe
Raised violation: Unattended event - Rule fired:checkForCorrectFourth


2026-04-10T12:19:02.501+0200 [Thread-7] INFO  it.cnr.isti.labsedc.concern.notification.NotificationManager - 
Received violation event from: ICTGW_Probe
Raised violation: Unattended event - Rule fired:catchFirstAndCheckSecond


2026-04-10T12:19:02.616+0200 [Thread-7] INFO  it.cnr.isti.labsedc.concern.notification.NotificationManager - 
Received violation event from: ICTGW_Probe
Raised violation: Unattended event - Rule fired:checkForCorrectFourth


2026-04-10T12:19:02.628+0200 [Thread-7] INFO  it.cnr.isti.labsedc.concern.notification.NotificationManager - 
Received violation event from: ICTGW_Probe
Raised violation: Unattended event - Rule fired:catchFirstAndCheckSecond


2026-04-10T12:19:02.745+0200 [Thread-7] INFO  it.cnr.isti.labsedc.concern.notification.NotificationManager - 
Received violation event from: ICTGW_Probe
Raised violation: Unattended event - Rule fired:checkForCorrectFourth


2026-04-10T12:19:02.761+0200 [Thread-7] INFO  it.cnr.isti.labsedc.concern.notification.NotificationManager - 
Received violation event from: ICTGW_Probe
Raised violation: Unattended event - Rule fired:catchFirstAndCheckSecond


2026-04-10T12:19:02.878+0200 [Thread-7] INFO  it.cnr.isti.labsedc.concern.notification.NotificationManager - 
Received violation event from: ICTGW_Probe
Raised violation: Unattended event - Rule fired:checkForCorrectFourth


2026-04-10T12:19:02.897+0200 [Thread-7] INFO  it.cnr.isti.labsedc.concern.notification.NotificationManager - 
Received violation event from: ICTGW_Probe
Raised violation: Unattended event - Rule fired:catchFirstAndCheckSecond


2026-04-10T12:19:03.009+0200 [Thread-7] INFO  it.cnr.isti.labsedc.concern.notification.NotificationManager - 
Received violation event from: ICTGW_Probe
Raised violation: Unattended event - Rule fired:checkForCorrectFourth


2026-04-10T12:19:03.026+0200 [Thread-7] INFO  it.cnr.isti.labsedc.concern.notification.NotificationManager - 
Received violation event from: ICTGW_Probe
Raised violation: Unattended event - Rule fired:catchFirstAndCheckSecond


2026-04-10T12:19:03.142+0200 [Thread-7] INFO  it.cnr.isti.labsedc.concern.notification.NotificationManager - 
Received violation event from: ICTGW_Probe
Raised violation: Unattended event - Rule fired:checkForCorrectFourth


2026-04-10T12:19:03.159+0200 [Thread-7] INFO  it.cnr.isti.labsedc.concern.notification.NotificationManager - 
Received violation event from: ICTGW_Probe
Raised violation: Unattended event - Rule fired:catchFirstAndCheckSecond


2026-04-10T12:19:03.275+0200 [Thread-7] INFO  it.cnr.isti.labsedc.concern.notification.NotificationManager - 
Received violation event from: ICTGW_Probe
Raised violation: Unattended event - Rule fired:checkForCorrectFourth


2026-04-10T12:19:03.290+0200 [Thread-7] INFO  it.cnr.isti.labsedc.concern.notification.NotificationManager - 
Received violation event from: ICTGW_Probe
Raised violation: Unattended event - Rule fired:catchFirstAndCheckSecond


2026-04-10T12:19:03.405+0200 [Thread-7] INFO  it.cnr.isti.labsedc.concern.notification.NotificationManager - 
Received violation event from: ICTGW_Probe
Raised violation: Unattended event - Rule fired:checkForCorrectFourth


2026-04-10T12:19:03.414+0200 [Thread-7] INFO  it.cnr.isti.labsedc.concern.notification.NotificationManager - 
Received violation event from: ICTGW_Probe
Raised violation: Unattended event - Rule fired:catchFirstAndCheckSecond


2026-04-10T12:19:03.528+0200 [Thread-7] INFO  it.cnr.isti.labsedc.concern.notification.NotificationManager - 
Received violation event from: ICTGW_Probe
Raised violation: Unattended event - Rule fired:checkForCorrectFourth


2026-04-10T12:19:03.543+0200 [Thread-7] INFO  it.cnr.isti.labsedc.concern.notification.NotificationManager - 
Received violation event from: ICTGW_Probe
Raised violation: Unattended event - Rule fired:checkStarter


2026-04-10T12:19:03.549+0200 [Thread-7] INFO  it.cnr.isti.labsedc.concern.notification.NotificationManager - 
Received violation event from: ICTGW_Probe
Raised violation: Unattended event - Rule fired:catchFirstAndCheckSecond


2026-04-10T12:19:03.552+0200 [Thread-7] INFO  it.cnr.isti.labsedc.concern.notification.NotificationManager - 
Received violation event from: ICTGW_Probe
Raised violation: Unattended event - Rule fired:checkStarter


2026-04-10T12:19:03.557+0200 [Thread-7] INFO  it.cnr.isti.labsedc.concern.notification.NotificationManager - 
Received violation event from: ICTGW_Probe
Raised violation: Unattended event - Rule fired:checkStarter


2026-04-10T12:19:03.657+0200 [Thread-7] INFO  it.cnr.isti.labsedc.concern.notification.NotificationManager - 
Received violation event from: ICTGW_Probe
Raised violation: Unattended event - Rule fired:catchFirstAndCheckSecond


2026-04-10T12:19:03.663+0200 [Thread-7] INFO  it.cnr.isti.labsedc.concern.notification.NotificationManager - 
Received violation event from: ICTGW_Probe
Raised violation: Unattended event - Rule fired:catchFirstAndCheckSecond


2026-04-10T12:19:03.667+0200 [Thread-7] INFO  it.cnr.isti.labsedc.concern.notification.NotificationManager - 
Received violation event from: ICTGW_Probe
Raised violation: Unattended event - Rule fired:checkStarter


2026-04-10T12:19:03.672+0200 [Thread-7] INFO  it.cnr.isti.labsedc.concern.notification.NotificationManager - 
Received violation event from: ICTGW_Probe
Raised violation: Unattended event - Rule fired:checkStarter


2026-04-10T12:19:03.785+0200 [Thread-7] INFO  it.cnr.isti.labsedc.concern.notification.NotificationManager - 
Received violation event from: ICTGW_Probe
Raised violation: Unattended event - Rule fired:catchFirstAndCheckSecond


2026-04-10T12:19:03.794+0200 [Thread-7] INFO  it.cnr.isti.labsedc.concern.notification.NotificationManager - 
Received violation event from: ICTGW_Probe
Raised violation: Unattended event - Rule fired:catchFirstAndCheckSecond


2026-04-10T12:19:03.798+0200 [Thread-7] INFO  it.cnr.isti.labsedc.concern.notification.NotificationManager - 
Received violation event from: ICTGW_Probe
Raised violation: Unattended event - Rule fired:checkStarter


2026-04-10T12:19:03.802+0200 [Thread-7] INFO  it.cnr.isti.labsedc.concern.notification.NotificationManager - 
Received violation event from: ICTGW_Probe
Raised violation: Unattended event - Rule fired:checkStarter


2026-04-10T12:19:03.897+0200 [Thread-7] INFO  it.cnr.isti.labsedc.concern.notification.NotificationManager - 
Received violation event from: ICTGW_Probe
Raised violation: Unattended event - Rule fired:catchFirstAndCheckSecond


2026-04-10T12:19:03.901+0200 [Thread-7] INFO  it.cnr.isti.labsedc.concern.notification.NotificationManager - 
Received violation event from: ICTGW_Probe
Raised violation: Unattended event - Rule fired:checkStarter


2026-04-10T12:19:04.014+0200 [Thread-7] INFO  it.cnr.isti.labsedc.concern.notification.NotificationManager - 
Received violation event from: ICTGW_Probe
Raised violation: Unattended event - Rule fired:checkForCorrectFourth


2026-04-10T12:19:04.021+0200 [Thread-7] INFO  it.cnr.isti.labsedc.concern.notification.NotificationManager - 
Received violation event from: ICTGW_Probe
Raised violation: Unattended event - Rule fired:checkStarter


2026-04-10T12:19:04.025+0200 [Thread-7] INFO  it.cnr.isti.labsedc.concern.notification.NotificationManager - 
Received violation event from: ICTGW_Probe
Raised violation: Unattended event - Rule fired:catchFirstAndCheckSecond


2026-04-10T12:19:04.028+0200 [Thread-7] INFO  it.cnr.isti.labsedc.concern.notification.NotificationManager - 
Received violation event from: ICTGW_Probe
Raised violation: Unattended event - Rule fired:checkStarter


2026-04-10T12:19:04.033+0200 [Thread-7] INFO  it.cnr.isti.labsedc.concern.notification.NotificationManager - 
Received violation event from: ICTGW_Probe
Raised violation: Unattended event - Rule fired:checkStarter


2026-04-10T12:19:04.140+0200 [Thread-7] INFO  it.cnr.isti.labsedc.concern.notification.NotificationManager - 
Received violation event from: ICTGW_Probe
Raised violation: Unattended event - Rule fired:catchFirstAndCheckSecond


2026-04-10T12:19:04.144+0200 [Thread-7] INFO  it.cnr.isti.labsedc.concern.notification.NotificationManager - 
Received violation event from: ICTGW_Probe
Raised violation: Unattended event - Rule fired:catchFirstAndCheckSecond


2026-04-10T12:19:04.148+0200 [Thread-7] INFO  it.cnr.isti.labsedc.concern.notification.NotificationManager - 
Received violation event from: ICTGW_Probe
Raised violation: Unattended event - Rule fired:checkStarter


2026-04-10T12:19:04.152+0200 [Thread-7] INFO  it.cnr.isti.labsedc.concern.notification.NotificationManager - 
Received violation event from: ICTGW_Probe
Raised violation: Unattended event - Rule fired:checkStarter


2026-04-10T12:19:04.258+0200 [Thread-7] INFO  it.cnr.isti.labsedc.concern.notification.NotificationManager - 
Received violation event from: ICTGW_Probe
Raised violation: Unattended event - Rule fired:catchFirstAndCheckSecond


2026-04-10T12:19:04.262+0200 [Thread-7] INFO  it.cnr.isti.labsedc.concern.notification.NotificationManager - 
Received violation event from: ICTGW_Probe
Raised violation: Unattended event - Rule fired:checkStarter


2026-04-10T12:19:04.373+0200 [Thread-7] INFO  it.cnr.isti.labsedc.concern.notification.NotificationManager - 
Received violation event from: ICTGW_Probe
Raised violation: Unattended event - Rule fired:checkForCorrectFourth


2026-04-10T12:19:04.384+0200 [Thread-7] INFO  it.cnr.isti.labsedc.concern.notification.NotificationManager - 
Received violation event from: ICTGW_Probe
Raised violation: Unattended event - Rule fired:checkStarter


2026-04-10T12:19:04.388+0200 [Thread-7] INFO  it.cnr.isti.labsedc.concern.notification.NotificationManager - 
Received violation event from: ICTGW_Probe
Raised violation: Unattended event - Rule fired:catchFirstAndCheckSecond


2026-04-10T12:19:04.391+0200 [Thread-7] INFO  it.cnr.isti.labsedc.concern.notification.NotificationManager - 
Received violation event from: ICTGW_Probe
Raised violation: Unattended event - Rule fired:checkStarter


2026-04-10T12:19:04.396+0200 [Thread-7] INFO  it.cnr.isti.labsedc.concern.notification.NotificationManager - 
Received violation event from: ICTGW_Probe
Raised violation: Unattended event - Rule fired:checkStarter


2026-04-10T12:19:04.497+0200 [Thread-7] INFO  it.cnr.isti.labsedc.concern.notification.NotificationManager - 
Received violation event from: ICTGW_Probe
Raised violation: Unattended event - Rule fired:catchFirstAndCheckSecond


2026-04-10T12:19:04.502+0200 [Thread-7] INFO  it.cnr.isti.labsedc.concern.notification.NotificationManager - 
Received violation event from: ICTGW_Probe
Raised violation: Unattended event - Rule fired:catchFirstAndCheckSecond


2026-04-10T12:19:04.505+0200 [Thread-7] INFO  it.cnr.isti.labsedc.concern.notification.NotificationManager - 
Received violation event from: ICTGW_Probe
Raised violation: Unattended event - Rule fired:checkStarter


2026-04-10T12:19:04.508+0200 [Thread-7] INFO  it.cnr.isti.labsedc.concern.notification.NotificationManager - 
Received violation event from: ICTGW_Probe
Raised violation: Unattended event - Rule fired:checkStarter


2026-04-10T12:19:04.614+0200 [Thread-7] INFO  it.cnr.isti.labsedc.concern.notification.NotificationManager - 
Received violation event from: ICTGW_Probe
Raised violation: Unattended event - Rule fired:catchFirstAndCheckSecond


2026-04-10T12:19:04.619+0200 [Thread-7] INFO  it.cnr.isti.labsedc.concern.notification.NotificationManager - 
Received violation event from: ICTGW_Probe
Raised violation: Unattended event - Rule fired:checkStarter


2026-04-10T12:19:04.731+0200 [Thread-7] INFO  it.cnr.isti.labsedc.concern.notification.NotificationManager - 
Received violation event from: ICTGW_Probe
Raised violation: Unattended event - Rule fired:checkForCorrectFourth


2026-04-10T12:19:04.739+0200 [Thread-7] INFO  it.cnr.isti.labsedc.concern.notification.NotificationManager - 
Received violation event from: ICTGW_Probe
Raised violation: Unattended event - Rule fired:checkStarter


2026-04-10T12:19:04.744+0200 [Thread-7] INFO  it.cnr.isti.labsedc.concern.notification.NotificationManager - 
Received violation event from: ICTGW_Probe
Raised violation: Unattended event - Rule fired:catchFirstAndCheckSecond


2026-04-10T12:19:04.747+0200 [Thread-7] INFO  it.cnr.isti.labsedc.concern.notification.NotificationManager - 
Received violation event from: ICTGW_Probe
Raised violation: Unattended event - Rule fired:checkStarter


2026-04-10T12:19:04.750+0200 [Thread-7] INFO  it.cnr.isti.labsedc.concern.notification.NotificationManager - 
Received violation event from: ICTGW_Probe
Raised violation: Unattended event - Rule fired:checkStarter


2026-04-10T12:19:04.855+0200 [Thread-7] INFO  it.cnr.isti.labsedc.concern.notification.NotificationManager - 
Received violation event from: ICTGW_Probe
Raised violation: Unattended event - Rule fired:catchFirstAndCheckSecond


2026-04-10T12:19:04.859+0200 [Thread-7] INFO  it.cnr.isti.labsedc.concern.notification.NotificationManager - 
Received violation event from: ICTGW_Probe
Raised violation: Unattended event - Rule fired:checkStarter


2026-04-10T12:19:04.864+0200 [Thread-7] INFO  it.cnr.isti.labsedc.concern.notification.NotificationManager - 
Received violation event from: ICTGW_Probe
Raised violation: Unattended event - Rule fired:checkStarter


2026-04-10T12:19:04.868+0200 [Thread-7] INFO  it.cnr.isti.labsedc.concern.notification.NotificationManager - 
Received violation event from: ICTGW_Probe
Raised violation: Unattended event - Rule fired:catchFirstAndCheckSecond


2026-04-10T12:19:04.977+0200 [Thread-7] INFO  it.cnr.isti.labsedc.concern.notification.NotificationManager - 
Received violation event from: ICTGW_Probe
Raised violation: Unattended event - Rule fired:catchFirstAndCheckSecond


2026-04-10T12:19:04.981+0200 [Thread-7] INFO  it.cnr.isti.labsedc.concern.notification.NotificationManager - 
Received violation event from: ICTGW_Probe
Raised violation: Unattended event - Rule fired:checkStarter


2026-04-10T12:19:04.986+0200 [Thread-7] INFO  it.cnr.isti.labsedc.concern.notification.NotificationManager - 
Received violation event from: ICTGW_Probe
Raised violation: Unattended event - Rule fired:checkStarter


2026-04-10T12:19:04.990+0200 [Thread-7] INFO  it.cnr.isti.labsedc.concern.notification.NotificationManager - 
Received violation event from: ICTGW_Probe
Raised violation: Unattended event - Rule fired:catchFirstAndCheckSecond


2026-04-10T12:19:05.095+0200 [Thread-7] INFO  it.cnr.isti.labsedc.concern.notification.NotificationManager - 
Received violation event from: ICTGW_Probe
Raised violation: Unattended event - Rule fired:catchFirstAndCheckSecond


2026-04-10T12:19:05.099+0200 [Thread-7] INFO  it.cnr.isti.labsedc.concern.notification.NotificationManager - 
Received violation event from: ICTGW_Probe
Raised violation: Unattended event - Rule fired:checkStarter


2026-04-10T12:19:05.105+0200 [Thread-7] INFO  it.cnr.isti.labsedc.concern.notification.NotificationManager - 
Received violation event from: ICTGW_Probe
Raised violation: Unattended event - Rule fired:checkStarter


2026-04-10T12:19:05.108+0200 [Thread-7] INFO  it.cnr.isti.labsedc.concern.notification.NotificationManager - 
Received violation event from: ICTGW_Probe
Raised violation: Unattended event - Rule fired:catchFirstAndCheckSecond


2026-04-10T12:19:05.216+0200 [Thread-7] INFO  it.cnr.isti.labsedc.concern.notification.NotificationManager - 
Received violation event from: ICTGW_Probe
Raised violation: Unattended event - Rule fired:catchFirstAndCheckSecond


2026-04-10T12:19:05.221+0200 [Thread-7] INFO  it.cnr.isti.labsedc.concern.notification.NotificationManager - 
Received violation event from: ICTGW_Probe
Raised violation: Unattended event - Rule fired:catchFirstAndCheckSecond


2026-04-10T12:19:05.225+0200 [Thread-7] INFO  it.cnr.isti.labsedc.concern.notification.NotificationManager - 
Received violation event from: ICTGW_Probe
Raised violation: Unattended event - Rule fired:checkStarter


2026-04-10T12:19:05.229+0200 [Thread-7] INFO  it.cnr.isti.labsedc.concern.notification.NotificationManager - 
Received violation event from: ICTGW_Probe
Raised violation: Unattended event - Rule fired:checkStarter


2026-04-10T12:19:05.337+0200 [Thread-7] INFO  it.cnr.isti.labsedc.concern.notification.NotificationManager - 
Received violation event from: ICTGW_Probe
Raised violation: Unattended event - Rule fired:catchFirstAndCheckSecond


2026-04-10T12:19:05.341+0200 [Thread-7] INFO  it.cnr.isti.labsedc.concern.notification.NotificationManager - 
Received violation event from: ICTGW_Probe
Raised violation: Unattended event - Rule fired:checkStarter


2026-04-10T12:19:05.346+0200 [Thread-7] INFO  it.cnr.isti.labsedc.concern.notification.NotificationManager - 
Received violation event from: ICTGW_Probe
Raised violation: Unattended event - Rule fired:checkStarter


2026-04-10T12:19:05.350+0200 [Thread-7] INFO  it.cnr.isti.labsedc.concern.notification.NotificationManager - 
Received violation event from: ICTGW_Probe
Raised violation: Unattended event - Rule fired:catchFirstAndCheckSecond


2026-04-10T12:19:05.456+0200 [Thread-7] INFO  it.cnr.isti.labsedc.concern.notification.NotificationManager - 
Received violation event from: ICTGW_Probe
Raised violation: Unattended event - Rule fired:checkStarter


2026-04-10T12:19:05.460+0200 [Thread-7] INFO  it.cnr.isti.labsedc.concern.notification.NotificationManager - 
Received violation event from: ICTGW_Probe
Raised violation: Unattended event - Rule fired:catchFirstAndCheckSecond


2026-04-10T12:19:05.569+0200 [Thread-7] INFO  it.cnr.isti.labsedc.concern.notification.NotificationManager - 
Received violation event from: ICTGW_Probe
Raised violation: Unattended event - Rule fired:checkForCorrectFourth


2026-04-10T12:19:05.580+0200 [Thread-7] INFO  it.cnr.isti.labsedc.concern.notification.NotificationManager - 
Received violation event from: ICTGW_Probe
Raised violation: Unattended event - Rule fired:catchFirstAndCheckSecond


2026-04-10T12:19:05.586+0200 [Thread-7] INFO  it.cnr.isti.labsedc.concern.notification.NotificationManager - 
Received violation event from: ICTGW_Probe
Raised violation: Unattended event - Rule fired:checkStarter


2026-04-10T12:19:05.590+0200 [Thread-7] INFO  it.cnr.isti.labsedc.concern.notification.NotificationManager - 
Received violation event from: ICTGW_Probe
Raised violation: Unattended event - Rule fired:catchFirstAndCheckSecond


2026-04-10T12:19:05.695+0200 [Thread-7] INFO  it.cnr.isti.labsedc.concern.notification.NotificationManager - 
Received violation event from: ICTGW_Probe
Raised violation: Unattended event - Rule fired:catchFirstAndCheckSecond


2026-04-10T12:19:05.699+0200 [Thread-7] INFO  it.cnr.isti.labsedc.concern.notification.NotificationManager - 
Received violation event from: ICTGW_Probe
Raised violation: Unattended event - Rule fired:checkStarter


2026-04-10T12:19:05.812+0200 [Thread-7] INFO  it.cnr.isti.labsedc.concern.notification.NotificationManager - 
Received violation event from: ICTGW_Probe
Raised violation: Unattended event - Rule fired:checkForCorrectFourth


2026-04-10T12:19:05.819+0200 [Thread-7] INFO  it.cnr.isti.labsedc.concern.notification.NotificationManager - 
Received violation event from: ICTGW_Probe
Raised violation: Unattended event - Rule fired:checkStarter


2026-04-10T12:19:05.824+0200 [Thread-7] INFO  it.cnr.isti.labsedc.concern.notification.NotificationManager - 
Received violation event from: ICTGW_Probe
Raised violation: Unattended event - Rule fired:catchFirstAndCheckSecond


2026-04-10T12:19:05.827+0200 [Thread-7] INFO  it.cnr.isti.labsedc.concern.notification.NotificationManager - 
Received violation event from: ICTGW_Probe
Raised violation: Unattended event - Rule fired:checkStarter


2026-04-10T12:19:05.831+0200 [Thread-7] INFO  it.cnr.isti.labsedc.concern.notification.NotificationManager - 
Received violation event from: ICTGW_Probe
Raised violation: Unattended event - Rule fired:checkStarter


2026-04-10T12:19:05.943+0200 [Thread-7] INFO  it.cnr.isti.labsedc.concern.notification.NotificationManager - 
Received violation event from: ICTGW_Probe
Raised violation: Unattended event - Rule fired:catchFirstAndCheckSecond


2026-04-10T12:19:05.948+0200 [Thread-7] INFO  it.cnr.isti.labsedc.concern.notification.NotificationManager - 
Received violation event from: ICTGW_Probe
Raised violation: Unattended event - Rule fired:checkStarter


2026-04-10T12:19:05.954+0200 [Thread-7] INFO  it.cnr.isti.labsedc.concern.notification.NotificationManager - 
Received violation event from: ICTGW_Probe
Raised violation: Unattended event - Rule fired:checkStarter


2026-04-10T12:19:05.957+0200 [Thread-7] INFO  it.cnr.isti.labsedc.concern.notification.NotificationManager - 
Received violation event from: ICTGW_Probe
Raised violation: Unattended event - Rule fired:catchFirstAndCheckSecond


2026-04-10T12:19:06.063+0200 [Thread-7] INFO  it.cnr.isti.labsedc.concern.notification.NotificationManager - 
Received violation event from: ICTGW_Probe
Raised violation: Unattended event - Rule fired:catchFirstAndCheckSecond


2026-04-10T12:19:06.068+0200 [Thread-7] INFO  it.cnr.isti.labsedc.concern.notification.NotificationManager - 
Received violation event from: ICTGW_Probe
Raised violation: Unattended event - Rule fired:checkStarter


2026-04-10T12:19:06.074+0200 [Thread-7] INFO  it.cnr.isti.labsedc.concern.notification.NotificationManager - 
Received violation event from: ICTGW_Probe
Raised violation: Unattended event - Rule fired:checkStarter


2026-04-10T12:19:06.078+0200 [Thread-7] INFO  it.cnr.isti.labsedc.concern.notification.NotificationManager - 
Received violation event from: ICTGW_Probe
Raised violation: Unattended event - Rule fired:catchFirstAndCheckSecond


2026-04-10T12:19:06.184+0200 [Thread-7] INFO  it.cnr.isti.labsedc.concern.notification.NotificationManager - 
Received violation event from: ICTGW_Probe
Raised violation: Unattended event - Rule fired:checkStarter


2026-04-10T12:19:06.189+0200 [Thread-7] INFO  it.cnr.isti.labsedc.concern.notification.NotificationManager - 
Received violation event from: ICTGW_Probe
Raised violation: Unattended event - Rule fired:catchFirstAndCheckSecond


2026-04-10T12:19:06.298+0200 [Thread-7] INFO  it.cnr.isti.labsedc.concern.notification.NotificationManager - 
Received violation event from: ICTGW_Probe
Raised violation: Unattended event - Rule fired:checkForCorrectFourth


2026-04-10T12:19:06.305+0200 [Thread-7] INFO  it.cnr.isti.labsedc.concern.notification.NotificationManager - 
Received violation event from: ICTGW_Probe
Raised violation: Unattended event - Rule fired:checkStarter


2026-04-10T12:19:06.309+0200 [Thread-7] INFO  it.cnr.isti.labsedc.concern.notification.NotificationManager - 
Received violation event from: ICTGW_Probe
Raised violation: Unattended event - Rule fired:catchFirstAndCheckSecond


2026-04-10T12:19:06.312+0200 [Thread-7] INFO  it.cnr.isti.labsedc.concern.notification.NotificationManager - 
Received violation event from: ICTGW_Probe
Raised violation: Unattended event - Rule fired:checkStarter


2026-04-10T12:19:06.315+0200 [Thread-7] INFO  it.cnr.isti.labsedc.concern.notification.NotificationManager - 
Received violation event from: ICTGW_Probe
Raised violation: Unattended event - Rule fired:checkStarter


2026-04-10T12:19:06.420+0200 [Thread-7] INFO  it.cnr.isti.labsedc.concern.notification.NotificationManager - 
Received violation event from: ICTGW_Probe
Raised violation: Unattended event - Rule fired:catchFirstAndCheckSecond


2026-04-10T12:19:06.424+0200 [Thread-7] INFO  it.cnr.isti.labsedc.concern.notification.NotificationManager - 
Received violation event from: ICTGW_Probe
Raised violation: Unattended event - Rule fired:checkStarter


2026-04-10T12:19:06.538+0200 [Thread-7] INFO  it.cnr.isti.labsedc.concern.notification.NotificationManager - 
Received violation event from: ICTGW_Probe
Raised violation: Unattended event - Rule fired:checkForCorrectFourth


2026-04-10T12:19:06.547+0200 [Thread-7] INFO  it.cnr.isti.labsedc.concern.notification.NotificationManager - 
Received violation event from: ICTGW_Probe
Raised violation: Unattended event - Rule fired:catchFirstAndCheckSecond


2026-04-10T12:19:06.552+0200 [Thread-7] INFO  it.cnr.isti.labsedc.concern.notification.NotificationManager - 
Received violation event from: ICTGW_Probe
Raised violation: Unattended event - Rule fired:checkStarter


2026-04-10T12:19:06.555+0200 [Thread-7] INFO  it.cnr.isti.labsedc.concern.notification.NotificationManager - 
Received violation event from: ICTGW_Probe
Raised violation: Unattended event - Rule fired:catchFirstAndCheckSecond


2026-04-10T12:19:06.661+0200 [Thread-7] INFO  it.cnr.isti.labsedc.concern.notification.NotificationManager - 
Received violation event from: ICTGW_Probe
Raised violation: Unattended event - Rule fired:catchFirstAndCheckSecond


2026-04-10T12:19:06.665+0200 [Thread-7] INFO  it.cnr.isti.labsedc.concern.notification.NotificationManager - 
Received violation event from: ICTGW_Probe
Raised violation: Unattended event - Rule fired:checkStarter


2026-04-10T12:19:06.671+0200 [Thread-7] INFO  it.cnr.isti.labsedc.concern.notification.NotificationManager - 
Received violation event from: ICTGW_Probe
Raised violation: Unattended event - Rule fired:checkStarter


2026-04-10T12:19:06.674+0200 [Thread-7] INFO  it.cnr.isti.labsedc.concern.notification.NotificationManager - 
Received violation event from: ICTGW_Probe
Raised violation: Unattended event - Rule fired:catchFirstAndCheckSecond


2026-04-10T12:19:06.781+0200 [Thread-7] INFO  it.cnr.isti.labsedc.concern.notification.NotificationManager - 
Received violation event from: ICTGW_Probe
Raised violation: Unattended event - Rule fired:catchFirstAndCheckSecond


2026-04-10T12:19:06.784+0200 [Thread-7] INFO  it.cnr.isti.labsedc.concern.notification.NotificationManager - 
Received violation event from: ICTGW_Probe
Raised violation: Unattended event - Rule fired:checkStarter


2026-04-10T12:19:06.898+0200 [Thread-7] INFO  it.cnr.isti.labsedc.concern.notification.NotificationManager - 
Received violation event from: ICTGW_Probe
Raised violation: Unattended event - Rule fired:checkForCorrectFourth


2026-04-10T12:19:06.905+0200 [Thread-7] INFO  it.cnr.isti.labsedc.concern.notification.NotificationManager - 
Received violation event from: ICTGW_Probe
Raised violation: Unattended event - Rule fired:checkStarter


2026-04-10T12:19:06.910+0200 [Thread-7] INFO  it.cnr.isti.labsedc.concern.notification.NotificationManager - 
Received violation event from: ICTGW_Probe
Raised violation: Unattended event - Rule fired:catchFirstAndCheckSecond


2026-04-10T12:19:06.913+0200 [Thread-7] INFO  it.cnr.isti.labsedc.concern.notification.NotificationManager - 
Received violation event from: ICTGW_Probe
Raised violation: Unattended event - Rule fired:checkStarter


2026-04-10T12:19:06.916+0200 [Thread-7] INFO  it.cnr.isti.labsedc.concern.notification.NotificationManager - 
Received violation event from: ICTGW_Probe
Raised violation: Unattended event - Rule fired:checkStarter


2026-04-10T12:19:07.022+0200 [Thread-7] INFO  it.cnr.isti.labsedc.concern.notification.NotificationManager - 
Received violation event from: ICTGW_Probe
Raised violation: Unattended event - Rule fired:catchFirstAndCheckSecond


2026-04-10T12:19:07.027+0200 [Thread-7] INFO  it.cnr.isti.labsedc.concern.notification.NotificationManager - 
Received violation event from: ICTGW_Probe
Raised violation: Unattended event - Rule fired:catchFirstAndCheckSecond


2026-04-10T12:19:07.030+0200 [Thread-7] INFO  it.cnr.isti.labsedc.concern.notification.NotificationManager - 
Received violation event from: ICTGW_Probe
Raised violation: Unattended event - Rule fired:checkStarter


2026-04-10T12:19:07.033+0200 [Thread-7] INFO  it.cnr.isti.labsedc.concern.notification.NotificationManager - 
Received violation event from: ICTGW_Probe
Raised violation: Unattended event - Rule fired:checkStarter


2026-04-10T12:19:07.141+0200 [Thread-7] INFO  it.cnr.isti.labsedc.concern.notification.NotificationManager - 
Received violation event from: ICTGW_Probe
Raised violation: Unattended event - Rule fired:catchFirstAndCheckSecond


2026-04-10T12:19:07.145+0200 [Thread-7] INFO  it.cnr.isti.labsedc.concern.notification.NotificationManager - 
Received violation event from: ICTGW_Probe
Raised violation: Unattended event - Rule fired:checkStarter


2026-04-10T12:19:07.150+0200 [Thread-7] INFO  it.cnr.isti.labsedc.concern.notification.NotificationManager - 
Received violation event from: ICTGW_Probe
Raised violation: Unattended event - Rule fired:checkStarter


2026-04-10T12:19:07.153+0200 [Thread-7] INFO  it.cnr.isti.labsedc.concern.notification.NotificationManager - 
Received violation event from: ICTGW_Probe
Raised violation: Unattended event - Rule fired:catchFirstAndCheckSecond


2026-04-10T12:19:07.259+0200 [Thread-7] INFO  it.cnr.isti.labsedc.concern.notification.NotificationManager - 
Received violation event from: ICTGW_Probe
Raised violation: Unattended event - Rule fired:catchFirstAndCheckSecond


2026-04-10T12:19:07.263+0200 [Thread-7] INFO  it.cnr.isti.labsedc.concern.notification.NotificationManager - 
Received violation event from: ICTGW_Probe
Raised violation: Unattended event - Rule fired:checkStarter


2026-04-10T12:19:07.375+0200 [Thread-7] INFO  it.cnr.isti.labsedc.concern.notification.NotificationManager - 
Received violation event from: ICTGW_Probe
Raised violation: Unattended event - Rule fired:checkForCorrectFourth


2026-04-10T12:19:07.391+0200 [Thread-7] INFO  it.cnr.isti.labsedc.concern.notification.NotificationManager - 
Received violation event from: ICTGW_Probe
Raised violation: Unattended event - Rule fired:checkStarter


2026-04-10T12:19:07.395+0200 [Thread-7] INFO  it.cnr.isti.labsedc.concern.notification.NotificationManager - 
Received violation event from: ICTGW_Probe
Raised violation: Unattended event - Rule fired:catchFirstAndCheckSecond


2026-04-10T12:19:07.398+0200 [Thread-7] INFO  it.cnr.isti.labsedc.concern.notification.NotificationManager - 
Received violation event from: ICTGW_Probe
Raised violation: Unattended event - Rule fired:checkStarter


2026-04-10T12:19:07.401+0200 [Thread-7] INFO  it.cnr.isti.labsedc.concern.notification.NotificationManager - 
Received violation event from: ICTGW_Probe
Raised violation: Unattended event - Rule fired:checkStarter


2026-04-10T12:19:07.498+0200 [Thread-7] INFO  it.cnr.isti.labsedc.concern.notification.NotificationManager - 
Received violation event from: ICTGW_Probe
Raised violation: Unattended event - Rule fired:checkStarter


2026-04-10T12:19:07.502+0200 [Thread-7] INFO  it.cnr.isti.labsedc.concern.notification.NotificationManager - 
Received violation event from: ICTGW_Probe
Raised violation: Unattended event - Rule fired:catchFirstAndCheckSecond


2026-04-10T12:19:07.611+0200 [Thread-7] INFO  it.cnr.isti.labsedc.concern.notification.NotificationManager - 
Received violation event from: ICTGW_Probe
Raised violation: Unattended event - Rule fired:checkForCorrectFourth


2026-04-10T12:19:07.618+0200 [Thread-7] INFO  it.cnr.isti.labsedc.concern.notification.NotificationManager - 
Received violation event from: ICTGW_Probe
Raised violation: Unattended event - Rule fired:checkStarter


2026-04-10T12:19:07.622+0200 [Thread-7] INFO  it.cnr.isti.labsedc.concern.notification.NotificationManager - 
Received violation event from: ICTGW_Probe
Raised violation: Unattended event - Rule fired:catchFirstAndCheckSecond


2026-04-10T12:19:07.625+0200 [Thread-7] INFO  it.cnr.isti.labsedc.concern.notification.NotificationManager - 
Received violation event from: ICTGW_Probe
Raised violation: Unattended event - Rule fired:checkStarter


2026-04-10T12:19:07.628+0200 [Thread-7] INFO  it.cnr.isti.labsedc.concern.notification.NotificationManager - 
Received violation event from: ICTGW_Probe
Raised violation: Unattended event - Rule fired:checkStarter


2026-04-10T12:19:07.737+0200 [Thread-7] INFO  it.cnr.isti.labsedc.concern.notification.NotificationManager - 
Received violation event from: ICTGW_Probe
Raised violation: Unattended event - Rule fired:catchFirstAndCheckSecond


2026-04-10T12:19:07.740+0200 [Thread-7] INFO  it.cnr.isti.labsedc.concern.notification.NotificationManager - 
Received violation event from: ICTGW_Probe
Raised violation: Unattended event - Rule fired:checkStarter


2026-04-10T12:19:07.851+0200 [Thread-7] INFO  it.cnr.isti.labsedc.concern.notification.NotificationManager - 
Received violation event from: ICTGW_Probe
Raised violation: Unattended event - Rule fired:checkForCorrectFourth


2026-04-10T12:19:07.859+0200 [Thread-7] INFO  it.cnr.isti.labsedc.concern.notification.NotificationManager - 
Received violation event from: ICTGW_Probe
Raised violation: Unattended event - Rule fired:checkStarter


2026-04-10T12:19:07.863+0200 [Thread-7] INFO  it.cnr.isti.labsedc.concern.notification.NotificationManager - 
Received violation event from: ICTGW_Probe
Raised violation: Unattended event - Rule fired:catchFirstAndCheckSecond


2026-04-10T12:19:07.866+0200 [Thread-7] INFO  it.cnr.isti.labsedc.concern.notification.NotificationManager - 
Received violation event from: ICTGW_Probe
Raised violation: Unattended event - Rule fired:checkStarter


2026-04-10T12:19:07.869+0200 [Thread-7] INFO  it.cnr.isti.labsedc.concern.notification.NotificationManager - 
Received violation event from: ICTGW_Probe
Raised violation: Unattended event - Rule fired:checkStarter


2026-04-10T12:19:07.976+0200 [Thread-7] INFO  it.cnr.isti.labsedc.concern.notification.NotificationManager - 
Received violation event from: ICTGW_Probe
Raised violation: Unattended event - Rule fired:catchFirstAndCheckSecond


2026-04-10T12:19:07.980+0200 [Thread-7] INFO  it.cnr.isti.labsedc.concern.notification.NotificationManager - 
Received violation event from: ICTGW_Probe
Raised violation: Unattended event - Rule fired:catchFirstAndCheckSecond


2026-04-10T12:19:07.984+0200 [Thread-7] INFO  it.cnr.isti.labsedc.concern.notification.NotificationManager - 
Received violation event from: ICTGW_Probe
Raised violation: Unattended event - Rule fired:checkStarter


2026-04-10T12:19:07.989+0200 [Thread-7] INFO  it.cnr.isti.labsedc.concern.notification.NotificationManager - 
Received violation event from: ICTGW_Probe
Raised violation: Unattended event - Rule fired:checkStarter


2026-04-10T12:19:08.092+0200 [Thread-7] INFO  it.cnr.isti.labsedc.concern.notification.NotificationManager - 
Received violation event from: ICTGW_Probe
Raised violation: Unattended event - Rule fired:catchFirstAndCheckSecond


2026-04-10T12:19:08.097+0200 [Thread-7] INFO  it.cnr.isti.labsedc.concern.notification.NotificationManager - 
Received violation event from: ICTGW_Probe
Raised violation: Unattended event - Rule fired:checkStarter


2026-04-10T12:19:08.104+0200 [Thread-7] INFO  it.cnr.isti.labsedc.concern.notification.NotificationManager - 
Received violation event from: ICTGW_Probe
Raised violation: Unattended event - Rule fired:checkStarter


2026-04-10T12:19:08.108+0200 [Thread-7] INFO  it.cnr.isti.labsedc.concern.notification.NotificationManager - 
Received violation event from: ICTGW_Probe
Raised violation: Unattended event - Rule fired:catchFirstAndCheckSecond


2026-04-10T12:19:08.214+0200 [Thread-7] INFO  it.cnr.isti.labsedc.concern.notification.NotificationManager - 
Received violation event from: ICTGW_Probe
Raised violation: Unattended event - Rule fired:catchFirstAndCheckSecond


2026-04-10T12:19:08.219+0200 [Thread-7] INFO  it.cnr.isti.labsedc.concern.notification.NotificationManager - 
Received violation event from: ICTGW_Probe
Raised violation: Unattended event - Rule fired:catchFirstAndCheckSecond


2026-04-10T12:19:08.222+0200 [Thread-7] INFO  it.cnr.isti.labsedc.concern.notification.NotificationManager - 
Received violation event from: ICTGW_Probe
Raised violation: Unattended event - Rule fired:checkStarter


2026-04-10T12:19:08.225+0200 [Thread-7] INFO  it.cnr.isti.labsedc.concern.notification.NotificationManager - 
Received violation event from: ICTGW_Probe
Raised violation: Unattended event - Rule fired:checkStarter


2026-04-10T12:19:08.335+0200 [Thread-7] INFO  it.cnr.isti.labsedc.concern.notification.NotificationManager - 
Received violation event from: ICTGW_Probe
Raised violation: Unattended event - Rule fired:catchFirstAndCheckSecond


2026-04-10T12:19:08.339+0200 [Thread-7] INFO  it.cnr.isti.labsedc.concern.notification.NotificationManager - 
Received violation event from: ICTGW_Probe
Raised violation: Unattended event - Rule fired:catchFirstAndCheckSecond


2026-04-10T12:19:08.343+0200 [Thread-7] INFO  it.cnr.isti.labsedc.concern.notification.NotificationManager - 
Received violation event from: ICTGW_Probe
Raised violation: Unattended event - Rule fired:checkStarter


2026-04-10T12:19:08.347+0200 [Thread-7] INFO  it.cnr.isti.labsedc.concern.notification.NotificationManager - 
Received violation event from: ICTGW_Probe
Raised violation: Unattended event - Rule fired:checkStarter


2026-04-10T12:19:08.451+0200 [Thread-7] INFO  it.cnr.isti.labsedc.concern.notification.NotificationManager - 
Received violation event from: ICTGW_Probe
Raised violation: Unattended event - Rule fired:catchFirstAndCheckSecond


2026-04-10T12:19:08.455+0200 [Thread-7] INFO  it.cnr.isti.labsedc.concern.notification.NotificationManager - 
Received violation event from: ICTGW_Probe
Raised violation: Unattended event - Rule fired:checkStarter


2026-04-10T12:19:08.460+0200 [Thread-7] INFO  it.cnr.isti.labsedc.concern.notification.NotificationManager - 
Received violation event from: ICTGW_Probe
Raised violation: Unattended event - Rule fired:checkStarter


2026-04-10T12:19:08.464+0200 [Thread-7] INFO  it.cnr.isti.labsedc.concern.notification.NotificationManager - 
Received violation event from: ICTGW_Probe
Raised violation: Unattended event - Rule fired:catchFirstAndCheckSecond


2026-04-10T12:19:08.572+0200 [Thread-7] INFO  it.cnr.isti.labsedc.concern.notification.NotificationManager - 
Received violation event from: ICTGW_Probe
Raised violation: Unattended event - Rule fired:catchFirstAndCheckSecond


2026-04-10T12:19:08.576+0200 [Thread-7] INFO  it.cnr.isti.labsedc.concern.notification.NotificationManager - 
Received violation event from: ICTGW_Probe
Raised violation: Unattended event - Rule fired:checkStarter


2026-04-10T12:19:08.693+0200 [Thread-7] INFO  it.cnr.isti.labsedc.concern.notification.NotificationManager - 
Received violation event from: ICTGW_Probe
Raised violation: Unattended event - Rule fired:checkForCorrectFourth


2026-04-10T12:19:08.701+0200 [Thread-7] INFO  it.cnr.isti.labsedc.concern.notification.NotificationManager - 
Received violation event from: ICTGW_Probe
Raised violation: Unattended event - Rule fired:catchFirstAndCheckSecond


2026-04-10T12:19:08.816+0200 [Thread-7] INFO  it.cnr.isti.labsedc.concern.notification.NotificationManager - 
Received violation event from: ICTGW_Probe
Raised violation: Unattended event - Rule fired:checkForCorrectFourth


2026-04-10T12:19:08.823+0200 [Thread-7] INFO  it.cnr.isti.labsedc.concern.notification.NotificationManager - 
Received violation event from: ICTGW_Probe
Raised violation: Unattended event - Rule fired:catchFirstAndCheckSecond


2026-04-10T12:19:08.935+0200 [Thread-7] INFO  it.cnr.isti.labsedc.concern.notification.NotificationManager - 
Received violation event from: ICTGW_Probe
Raised violation: Unattended event - Rule fired:checkForCorrectFourth


2026-04-10T12:19:08.943+0200 [Thread-7] INFO  it.cnr.isti.labsedc.concern.notification.NotificationManager - 
Received violation event from: ICTGW_Probe
Raised violation: Unattended event - Rule fired:checkStarter


2026-04-10T12:19:08.946+0200 [Thread-7] INFO  it.cnr.isti.labsedc.concern.notification.NotificationManager - 
Received violation event from: ICTGW_Probe
Raised violation: Unattended event - Rule fired:catchFirstAndCheckSecond


2026-04-10T12:19:08.950+0200 [Thread-7] INFO  it.cnr.isti.labsedc.concern.notification.NotificationManager - 
Received violation event from: ICTGW_Probe
Raised violation: Unattended event - Rule fired:checkStarter


2026-04-10T12:19:08.954+0200 [Thread-7] INFO  it.cnr.isti.labsedc.concern.notification.NotificationManager - 
Received violation event from: ICTGW_Probe
Raised violation: Unattended event - Rule fired:checkStarter


2026-04-10T12:19:09.061+0200 [Thread-7] INFO  it.cnr.isti.labsedc.concern.notification.NotificationManager - 
Received violation event from: ICTGW_Probe
Raised violation: Unattended event - Rule fired:catchFirstAndCheckSecond


2026-04-10T12:19:09.065+0200 [Thread-7] INFO  it.cnr.isti.labsedc.concern.notification.NotificationManager - 
Received violation event from: ICTGW_Probe
Raised violation: Unattended event - Rule fired:catchFirstAndCheckSecond


2026-04-10T12:19:09.069+0200 [Thread-7] INFO  it.cnr.isti.labsedc.concern.notification.NotificationManager - 
Received violation event from: ICTGW_Probe
Raised violation: Unattended event - Rule fired:checkStarter


2026-04-10T12:19:09.073+0200 [Thread-7] INFO  it.cnr.isti.labsedc.concern.notification.NotificationManager - 
Received violation event from: ICTGW_Probe
Raised violation: Unattended event - Rule fired:checkStarter


2026-04-10T12:19:09.181+0200 [Thread-7] INFO  it.cnr.isti.labsedc.concern.notification.NotificationManager - 
Received violation event from: ICTGW_Probe
Raised violation: Unattended event - Rule fired:catchFirstAndCheckSecond


2026-04-10T12:19:09.185+0200 [Thread-7] INFO  it.cnr.isti.labsedc.concern.notification.NotificationManager - 
Received violation event from: ICTGW_Probe
Raised violation: Unattended event - Rule fired:catchFirstAndCheckSecond


2026-04-10T12:19:09.187+0200 [Thread-7] INFO  it.cnr.isti.labsedc.concern.notification.NotificationManager - 
Received violation event from: ICTGW_Probe
Raised violation: Unattended event - Rule fired:checkStarter


2026-04-10T12:19:09.191+0200 [Thread-7] INFO  it.cnr.isti.labsedc.concern.notification.NotificationManager - 
Received violation event from: ICTGW_Probe
Raised violation: Unattended event - Rule fired:checkStarter


2026-04-10T12:19:09.297+0200 [Thread-7] INFO  it.cnr.isti.labsedc.concern.notification.NotificationManager - 
Received violation event from: ICTGW_Probe
Raised violation: Unattended event - Rule fired:catchFirstAndCheckSecond


2026-04-10T12:19:09.301+0200 [Thread-7] INFO  it.cnr.isti.labsedc.concern.notification.NotificationManager - 
Received violation event from: ICTGW_Probe
Raised violation: Unattended event - Rule fired:checkStarter


2026-04-10T12:19:09.306+0200 [Thread-7] INFO  it.cnr.isti.labsedc.concern.notification.NotificationManager - 
Received violation event from: ICTGW_Probe
Raised violation: Unattended event - Rule fired:checkStarter


2026-04-10T12:19:09.310+0200 [Thread-7] INFO  it.cnr.isti.labsedc.concern.notification.NotificationManager - 
Received violation event from: ICTGW_Probe
Raised violation: Unattended event - Rule fired:catchFirstAndCheckSecond


2026-04-10T12:19:09.417+0200 [Thread-7] INFO  it.cnr.isti.labsedc.concern.notification.NotificationManager - 
Received violation event from: ICTGW_Probe
Raised violation: Unattended event - Rule fired:catchFirstAndCheckSecond


2026-04-10T12:19:09.422+0200 [Thread-7] INFO  it.cnr.isti.labsedc.concern.notification.NotificationManager - 
Received violation event from: ICTGW_Probe
Raised violation: Unattended event - Rule fired:checkStarter


2026-04-10T12:19:09.427+0200 [Thread-7] INFO  it.cnr.isti.labsedc.concern.notification.NotificationManager - 
Received violation event from: ICTGW_Probe
Raised violation: Unattended event - Rule fired:checkStarter


2026-04-10T12:19:09.431+0200 [Thread-7] INFO  it.cnr.isti.labsedc.concern.notification.NotificationManager - 
Received violation event from: ICTGW_Probe
Raised violation: Unattended event - Rule fired:catchFirstAndCheckSecond


2026-04-10T12:19:09.538+0200 [Thread-7] INFO  it.cnr.isti.labsedc.concern.notification.NotificationManager - 
Received violation event from: ICTGW_Probe
Raised violation: Unattended event - Rule fired:catchFirstAndCheckSecond


2026-04-10T12:19:09.542+0200 [Thread-7] INFO  it.cnr.isti.labsedc.concern.notification.NotificationManager - 
Received violation event from: ICTGW_Probe
Raised violation: Unattended event - Rule fired:checkStarter


2026-04-10T12:19:09.549+0200 [Thread-7] INFO  it.cnr.isti.labsedc.concern.notification.NotificationManager - 
Received violation event from: ICTGW_Probe
Raised violation: Unattended event - Rule fired:checkStarter


2026-04-10T12:19:09.553+0200 [Thread-7] INFO  it.cnr.isti.labsedc.concern.notification.NotificationManager - 
Received violation event from: ICTGW_Probe
Raised violation: Unattended event - Rule fired:catchFirstAndCheckSecond


2026-04-10T12:19:09.659+0200 [Thread-7] INFO  it.cnr.isti.labsedc.concern.notification.NotificationManager - 
Received violation event from: ICTGW_Probe
Raised violation: Unattended event - Rule fired:catchFirstAndCheckSecond


2026-04-10T12:19:09.664+0200 [Thread-7] INFO  it.cnr.isti.labsedc.concern.notification.NotificationManager - 
Received violation event from: ICTGW_Probe
Raised violation: Unattended event - Rule fired:catchFirstAndCheckSecond


2026-04-10T12:19:09.667+0200 [Thread-7] INFO  it.cnr.isti.labsedc.concern.notification.NotificationManager - 
Received violation event from: ICTGW_Probe
Raised violation: Unattended event - Rule fired:checkStarter


2026-04-10T12:19:09.671+0200 [Thread-7] INFO  it.cnr.isti.labsedc.concern.notification.NotificationManager - 
Received violation event from: ICTGW_Probe
Raised violation: Unattended event - Rule fired:checkStarter


2026-04-10T12:19:09.780+0200 [Thread-7] INFO  it.cnr.isti.labsedc.concern.notification.NotificationManager - 
Received violation event from: ICTGW_Probe
Raised violation: Unattended event - Rule fired:catchFirstAndCheckSecond


2026-04-10T12:19:09.784+0200 [Thread-7] INFO  it.cnr.isti.labsedc.concern.notification.NotificationManager - 
Received violation event from: ICTGW_Probe
Raised violation: Unattended event - Rule fired:catchFirstAndCheckSecond


2026-04-10T12:19:09.788+0200 [Thread-7] INFO  it.cnr.isti.labsedc.concern.notification.NotificationManager - 
Received violation event from: ICTGW_Probe
Raised violation: Unattended event - Rule fired:checkStarter


2026-04-10T12:19:09.791+0200 [Thread-7] INFO  it.cnr.isti.labsedc.concern.notification.NotificationManager - 
Received violation event from: ICTGW_Probe
Raised violation: Unattended event - Rule fired:checkStarter


2026-04-10T12:19:09.897+0200 [Thread-7] INFO  it.cnr.isti.labsedc.concern.notification.NotificationManager - 
Received violation event from: ICTGW_Probe
Raised violation: Unattended event - Rule fired:catchFirstAndCheckSecond


2026-04-10T12:19:09.902+0200 [Thread-7] INFO  it.cnr.isti.labsedc.concern.notification.NotificationManager - 
Received violation event from: ICTGW_Probe
Raised violation: Unattended event - Rule fired:checkStarter


2026-04-10T12:19:10.014+0200 [Thread-7] INFO  it.cnr.isti.labsedc.concern.notification.NotificationManager - 
Received violation event from: ICTGW_Probe
Raised violation: Unattended event - Rule fired:checkForCorrectFourth


2026-04-10T12:19:10.024+0200 [Thread-7] INFO  it.cnr.isti.labsedc.concern.notification.NotificationManager - 
Received violation event from: ICTGW_Probe
Raised violation: Unattended event - Rule fired:catchFirstAndCheckSecond


2026-04-10T12:19:10.136+0200 [Thread-7] INFO  it.cnr.isti.labsedc.concern.notification.NotificationManager - 
Received violation event from: ICTGW_Probe
Raised violation: Unattended event - Rule fired:checkForCorrectFourth


2026-04-10T12:19:10.146+0200 [Thread-7] INFO  it.cnr.isti.labsedc.concern.notification.NotificationManager - 
Received violation event from: ICTGW_Probe
Raised violation: Unattended event - Rule fired:checkStarter


2026-04-10T12:19:10.151+0200 [Thread-7] INFO  it.cnr.isti.labsedc.concern.notification.NotificationManager - 
Received violation event from: ICTGW_Probe
Raised violation: Unattended event - Rule fired:catchFirstAndCheckSecond


2026-04-10T12:19:10.154+0200 [Thread-7] INFO  it.cnr.isti.labsedc.concern.notification.NotificationManager - 
Received violation event from: ICTGW_Probe
Raised violation: Unattended event - Rule fired:checkStarter


2026-04-10T12:19:10.159+0200 [Thread-7] INFO  it.cnr.isti.labsedc.concern.notification.NotificationManager - 
Received violation event from: ICTGW_Probe
Raised violation: Unattended event - Rule fired:checkStarter


2026-04-10T12:19:10.261+0200 [Thread-7] INFO  it.cnr.isti.labsedc.concern.notification.NotificationManager - 
Received violation event from: ICTGW_Probe
Raised violation: Unattended event - Rule fired:catchFirstAndCheckSecond


2026-04-10T12:19:10.267+0200 [Thread-7] INFO  it.cnr.isti.labsedc.concern.notification.NotificationManager - 
Received violation event from: ICTGW_Probe
Raised violation: Unattended event - Rule fired:checkStarter


2026-04-10T12:19:10.274+0200 [Thread-7] INFO  it.cnr.isti.labsedc.concern.notification.NotificationManager - 
Received violation event from: ICTGW_Probe
Raised violation: Unattended event - Rule fired:checkStarter


2026-04-10T12:19:10.279+0200 [Thread-7] INFO  it.cnr.isti.labsedc.concern.notification.NotificationManager - 
Received violation event from: ICTGW_Probe
Raised violation: Unattended event - Rule fired:catchFirstAndCheckSecond


2026-04-10T12:19:10.385+0200 [Thread-7] INFO  it.cnr.isti.labsedc.concern.notification.NotificationManager - 
Received violation event from: ICTGW_Probe
Raised violation: Unattended event - Rule fired:catchFirstAndCheckSecond


2026-04-10T12:19:10.390+0200 [Thread-7] INFO  it.cnr.isti.labsedc.concern.notification.NotificationManager - 
Received violation event from: ICTGW_Probe
Raised violation: Unattended event - Rule fired:catchFirstAndCheckSecond


2026-04-10T12:19:10.394+0200 [Thread-7] INFO  it.cnr.isti.labsedc.concern.notification.NotificationManager - 
Received violation event from: ICTGW_Probe
Raised violation: Unattended event - Rule fired:checkStarter


2026-04-10T12:19:10.398+0200 [Thread-7] INFO  it.cnr.isti.labsedc.concern.notification.NotificationManager - 
Received violation event from: ICTGW_Probe
Raised violation: Unattended event - Rule fired:checkStarter


2026-04-10T12:19:10.503+0200 [Thread-7] INFO  it.cnr.isti.labsedc.concern.notification.NotificationManager - 
Received violation event from: ICTGW_Probe
Raised violation: Unattended event - Rule fired:catchFirstAndCheckSecond


2026-04-10T12:19:10.508+0200 [Thread-7] INFO  it.cnr.isti.labsedc.concern.notification.NotificationManager - 
Received violation event from: ICTGW_Probe
Raised violation: Unattended event - Rule fired:checkStarter


2026-04-10T12:19:10.622+0200 [Thread-7] INFO  it.cnr.isti.labsedc.concern.notification.NotificationManager - 
Received violation event from: ICTGW_Probe
Raised violation: Unattended event - Rule fired:checkForCorrectFourth


2026-04-10T12:19:10.632+0200 [Thread-7] INFO  it.cnr.isti.labsedc.concern.notification.NotificationManager - 
Received violation event from: ICTGW_Probe
Raised violation: Unattended event - Rule fired:checkStarter


2026-04-10T12:19:10.637+0200 [Thread-7] INFO  it.cnr.isti.labsedc.concern.notification.NotificationManager - 
Received violation event from: ICTGW_Probe
Raised violation: Unattended event - Rule fired:catchFirstAndCheckSecond


2026-04-10T12:19:10.641+0200 [Thread-7] INFO  it.cnr.isti.labsedc.concern.notification.NotificationManager - 
Received violation event from: ICTGW_Probe
Raised violation: Unattended event - Rule fired:checkStarter


2026-04-10T12:19:10.646+0200 [Thread-7] INFO  it.cnr.isti.labsedc.concern.notification.NotificationManager - 
Received violation event from: ICTGW_Probe
Raised violation: Unattended event - Rule fired:checkStarter


2026-04-10T12:19:10.748+0200 [Thread-7] INFO  it.cnr.isti.labsedc.concern.notification.NotificationManager - 
Received violation event from: ICTGW_Probe
Raised violation: Unattended event - Rule fired:catchFirstAndCheckSecond


2026-04-10T12:19:10.754+0200 [Thread-7] INFO  it.cnr.isti.labsedc.concern.notification.NotificationManager - 
Received violation event from: ICTGW_Probe
Raised violation: Unattended event - Rule fired:checkStarter


2026-04-10T12:19:10.865+0200 [Thread-7] INFO  it.cnr.isti.labsedc.concern.notification.NotificationManager - 
Received violation event from: ICTGW_Probe
Raised violation: Unattended event - Rule fired:checkForCorrectFourth


2026-04-10T12:19:10.876+0200 [Thread-7] INFO  it.cnr.isti.labsedc.concern.notification.NotificationManager - 
Received violation event from: ICTGW_Probe
Raised violation: Unattended event - Rule fired:checkStarter


2026-04-10T12:19:10.882+0200 [Thread-7] INFO  it.cnr.isti.labsedc.concern.notification.NotificationManager - 
Received violation event from: ICTGW_Probe
Raised violation: Unattended event - Rule fired:catchFirstAndCheckSecond


2026-04-10T12:19:10.887+0200 [Thread-7] INFO  it.cnr.isti.labsedc.concern.notification.NotificationManager - 
Received violation event from: ICTGW_Probe
Raised violation: Unattended event - Rule fired:checkStarter


2026-04-10T12:19:10.892+0200 [Thread-7] INFO  it.cnr.isti.labsedc.concern.notification.NotificationManager - 
Received violation event from: ICTGW_Probe
Raised violation: Unattended event - Rule fired:checkStarter


2026-04-10T12:19:10.993+0200 [Thread-7] INFO  it.cnr.isti.labsedc.concern.notification.NotificationManager - 
Received violation event from: ICTGW_Probe
Raised violation: Unattended event - Rule fired:catchFirstAndCheckSecond


2026-04-10T12:19:10.999+0200 [Thread-7] INFO  it.cnr.isti.labsedc.concern.notification.NotificationManager - 
Received violation event from: ICTGW_Probe
Raised violation: Unattended event - Rule fired:checkStarter


2026-04-10T12:19:11.110+0200 [Thread-7] INFO  it.cnr.isti.labsedc.concern.notification.NotificationManager - 
Received violation event from: ICTGW_Probe
Raised violation: Unattended event - Rule fired:checkForCorrectFourth


2026-04-10T12:19:11.120+0200 [Thread-7] INFO  it.cnr.isti.labsedc.concern.notification.NotificationManager - 
Received violation event from: ICTGW_Probe
Raised violation: Unattended event - Rule fired:checkStarter


2026-04-10T12:19:11.126+0200 [Thread-7] INFO  it.cnr.isti.labsedc.concern.notification.NotificationManager - 
Received violation event from: ICTGW_Probe
Raised violation: Unattended event - Rule fired:catchFirstAndCheckSecond


2026-04-10T12:19:11.131+0200 [Thread-7] INFO  it.cnr.isti.labsedc.concern.notification.NotificationManager - 
Received violation event from: ICTGW_Probe
Raised violation: Unattended event - Rule fired:checkStarter


2026-04-10T12:19:11.136+0200 [Thread-7] INFO  it.cnr.isti.labsedc.concern.notification.NotificationManager - 
Received violation event from: ICTGW_Probe
Raised violation: Unattended event - Rule fired:checkStarter


2026-04-10T12:19:11.240+0200 [Thread-7] INFO  it.cnr.isti.labsedc.concern.notification.NotificationManager - 
Received violation event from: ICTGW_Probe
Raised violation: Unattended event - Rule fired:catchFirstAndCheckSecond


2026-04-10T12:19:11.248+0200 [Thread-7] INFO  it.cnr.isti.labsedc.concern.notification.NotificationManager - 
Received violation event from: ICTGW_Probe
Raised violation: Unattended event - Rule fired:checkStarter


2026-04-10T12:19:11.357+0200 [Thread-7] INFO  it.cnr.isti.labsedc.concern.notification.NotificationManager - 
Received violation event from: ICTGW_Probe
Raised violation: Unattended event - Rule fired:checkForCorrectFourth


2026-04-10T12:19:11.372+0200 [Thread-7] INFO  it.cnr.isti.labsedc.concern.notification.NotificationManager - 
Received violation event from: ICTGW_Probe
Raised violation: Unattended event - Rule fired:checkStarter


2026-04-10T12:19:11.380+0200 [Thread-7] INFO  it.cnr.isti.labsedc.concern.notification.NotificationManager - 
Received violation event from: ICTGW_Probe
Raised violation: Unattended event - Rule fired:catchFirstAndCheckSecond


2026-04-10T12:19:11.385+0200 [Thread-7] INFO  it.cnr.isti.labsedc.concern.notification.NotificationManager - 
Received violation event from: ICTGW_Probe
Raised violation: Unattended event - Rule fired:checkStarter


2026-04-10T12:19:11.392+0200 [Thread-7] INFO  it.cnr.isti.labsedc.concern.notification.NotificationManager - 
Received violation event from: ICTGW_Probe
Raised violation: Unattended event - Rule fired:checkStarter


2026-04-10T12:19:11.488+0200 [Thread-7] INFO  it.cnr.isti.labsedc.concern.notification.NotificationManager - 
Received violation event from: ICTGW_Probe
Raised violation: Unattended event - Rule fired:catchFirstAndCheckSecond


2026-04-10T12:19:11.497+0200 [Thread-7] INFO  it.cnr.isti.labsedc.concern.notification.NotificationManager - 
Received violation event from: ICTGW_Probe
Raised violation: Unattended event - Rule fired:checkStarter


2026-04-10T12:19:11.611+0200 [Thread-7] INFO  it.cnr.isti.labsedc.concern.notification.NotificationManager - 
Received violation event from: ICTGW_Probe
Raised violation: Unattended event - Rule fired:checkForCorrectFourth


2026-04-10T12:19:11.626+0200 [Thread-7] INFO  it.cnr.isti.labsedc.concern.notification.NotificationManager - 
Received violation event from: ICTGW_Probe
Raised violation: Unattended event - Rule fired:catchFirstAndCheckSecond


2026-04-10T12:19:11.742+0200 [Thread-7] INFO  it.cnr.isti.labsedc.concern.notification.NotificationManager - 
Received violation event from: ICTGW_Probe
Raised violation: Unattended event - Rule fired:checkForCorrectFourth


2026-04-10T12:19:11.758+0200 [Thread-7] INFO  it.cnr.isti.labsedc.concern.notification.NotificationManager - 
Received violation event from: ICTGW_Probe
Raised violation: Unattended event - Rule fired:catchFirstAndCheckSecond


2026-04-10T12:19:11.869+0200 [Thread-7] INFO  it.cnr.isti.labsedc.concern.notification.NotificationManager - 
Received violation event from: ICTGW_Probe
Raised violation: Unattended event - Rule fired:checkForCorrectFourth


2026-04-10T12:19:11.884+0200 [Thread-7] INFO  it.cnr.isti.labsedc.concern.notification.NotificationManager - 
Received violation event from: ICTGW_Probe
Raised violation: Unattended event - Rule fired:catchFirstAndCheckSecond


2026-04-10T12:19:11.999+0200 [Thread-7] INFO  it.cnr.isti.labsedc.concern.notification.NotificationManager - 
Received violation event from: ICTGW_Probe
Raised violation: Unattended event - Rule fired:checkForCorrectFourth


2026-04-10T12:19:12.011+0200 [Thread-7] INFO  it.cnr.isti.labsedc.concern.notification.NotificationManager - 
Received violation event from: ICTGW_Probe
Raised violation: Unattended event - Rule fired:catchFirstAndCheckSecond


2026-04-10T12:19:12.124+0200 [Thread-7] INFO  it.cnr.isti.labsedc.concern.notification.NotificationManager - 
Received violation event from: ICTGW_Probe
Raised violation: Unattended event - Rule fired:checkForCorrectFourth


2026-04-10T12:19:12.132+0200 [Thread-7] INFO  it.cnr.isti.labsedc.concern.notification.NotificationManager - 
Received violation event from: ICTGW_Probe
Raised violation: Unattended event - Rule fired:checkStarter


2026-04-10T12:19:12.138+0200 [Thread-7] INFO  it.cnr.isti.labsedc.concern.notification.NotificationManager - 
Received violation event from: ICTGW_Probe
Raised violation: Unattended event - Rule fired:catchFirstAndCheckSecond


2026-04-10T12:19:12.142+0200 [Thread-7] INFO  it.cnr.isti.labsedc.concern.notification.NotificationManager - 
Received violation event from: ICTGW_Probe
Raised violation: Unattended event - Rule fired:checkStarter


2026-04-10T12:19:12.147+0200 [Thread-7] INFO  it.cnr.isti.labsedc.concern.notification.NotificationManager - 
Received violation event from: ICTGW_Probe
Raised violation: Unattended event - Rule fired:checkStarter


2026-04-10T12:19:12.249+0200 [Thread-7] INFO  it.cnr.isti.labsedc.concern.notification.NotificationManager - 
Received violation event from: ICTGW_Probe
Raised violation: Unattended event - Rule fired:catchFirstAndCheckSecond


2026-04-10T12:19:12.254+0200 [Thread-7] INFO  it.cnr.isti.labsedc.concern.notification.NotificationManager - 
Received violation event from: ICTGW_Probe
Raised violation: Unattended event - Rule fired:checkStarter


2026-04-10T12:19:12.260+0200 [Thread-7] INFO  it.cnr.isti.labsedc.concern.notification.NotificationManager - 
Received violation event from: ICTGW_Probe
Raised violation: Unattended event - Rule fired:checkStarter


2026-04-10T12:19:12.265+0200 [Thread-7] INFO  it.cnr.isti.labsedc.concern.notification.NotificationManager - 
Received violation event from: ICTGW_Probe
Raised violation: Unattended event - Rule fired:catchFirstAndCheckSecond


2026-04-10T12:19:12.370+0200 [Thread-7] INFO  it.cnr.isti.labsedc.concern.notification.NotificationManager - 
Received violation event from: ICTGW_Probe
Raised violation: Unattended event - Rule fired:catchFirstAndCheckSecond


2026-04-10T12:19:12.374+0200 [Thread-7] INFO  it.cnr.isti.labsedc.concern.notification.NotificationManager - 
Received violation event from: ICTGW_Probe
Raised violation: Unattended event - Rule fired:checkStarter


2026-04-10T12:19:12.380+0200 [Thread-7] INFO  it.cnr.isti.labsedc.concern.notification.NotificationManager - 
Received violation event from: ICTGW_Probe
Raised violation: Unattended event - Rule fired:checkStarter


2026-04-10T12:19:12.384+0200 [Thread-7] INFO  it.cnr.isti.labsedc.concern.notification.NotificationManager - 
Received violation event from: ICTGW_Probe
Raised violation: Unattended event - Rule fired:catchFirstAndCheckSecond


2026-04-10T12:19:12.489+0200 [Thread-7] INFO  it.cnr.isti.labsedc.concern.notification.NotificationManager - 
Received violation event from: ICTGW_Probe
Raised violation: Unattended event - Rule fired:catchFirstAndCheckSecond


2026-04-10T12:19:12.492+0200 [Thread-7] INFO  it.cnr.isti.labsedc.concern.notification.NotificationManager - 
Received violation event from: ICTGW_Probe
Raised violation: Unattended event - Rule fired:checkStarter


2026-04-10T12:19:12.498+0200 [Thread-7] INFO  it.cnr.isti.labsedc.concern.notification.NotificationManager - 
Received violation event from: ICTGW_Probe
Raised violation: Unattended event - Rule fired:checkStarter


2026-04-10T12:19:12.500+0200 [Thread-7] INFO  it.cnr.isti.labsedc.concern.notification.NotificationManager - 
Received violation event from: ICTGW_Probe
Raised violation: Unattended event - Rule fired:catchFirstAndCheckSecond


2026-04-10T12:19:12.608+0200 [Thread-7] INFO  it.cnr.isti.labsedc.concern.notification.NotificationManager - 
Received violation event from: ICTGW_Probe
Raised violation: Unattended event - Rule fired:catchFirstAndCheckSecond


2026-04-10T12:19:12.612+0200 [Thread-7] INFO  it.cnr.isti.labsedc.concern.notification.NotificationManager - 
Received violation event from: ICTGW_Probe
Raised violation: Unattended event - Rule fired:checkStarter


2026-04-10T12:19:12.618+0200 [Thread-7] INFO  it.cnr.isti.labsedc.concern.notification.NotificationManager - 
Received violation event from: ICTGW_Probe
Raised violation: Unattended event - Rule fired:checkStarter


2026-04-10T12:19:12.622+0200 [Thread-7] INFO  it.cnr.isti.labsedc.concern.notification.NotificationManager - 
Received violation event from: ICTGW_Probe
Raised violation: Unattended event - Rule fired:catchFirstAndCheckSecond


2026-04-10T12:19:12.726+0200 [Thread-7] INFO  it.cnr.isti.labsedc.concern.notification.NotificationManager - 
Received violation event from: ICTGW_Probe
Raised violation: Unattended event - Rule fired:catchFirstAndCheckSecond


2026-04-10T12:19:12.730+0200 [Thread-7] INFO  it.cnr.isti.labsedc.concern.notification.NotificationManager - 
Received violation event from: ICTGW_Probe
Raised violation: Unattended event - Rule fired:checkStarter


2026-04-10T12:19:12.736+0200 [Thread-7] INFO  it.cnr.isti.labsedc.concern.notification.NotificationManager - 
Received violation event from: ICTGW_Probe
Raised violation: Unattended event - Rule fired:checkStarter


2026-04-10T12:19:12.739+0200 [Thread-7] INFO  it.cnr.isti.labsedc.concern.notification.NotificationManager - 
Received violation event from: ICTGW_Probe
Raised violation: Unattended event - Rule fired:catchFirstAndCheckSecond


2026-04-10T12:19:12.846+0200 [Thread-7] INFO  it.cnr.isti.labsedc.concern.notification.NotificationManager - 
Received violation event from: ICTGW_Probe
Raised violation: Unattended event - Rule fired:catchFirstAndCheckSecond


2026-04-10T12:19:12.850+0200 [Thread-7] INFO  it.cnr.isti.labsedc.concern.notification.NotificationManager - 
Received violation event from: ICTGW_Probe
Raised violation: Unattended event - Rule fired:checkStarter


2026-04-10T12:19:12.854+0200 [Thread-7] INFO  it.cnr.isti.labsedc.concern.notification.NotificationManager - 
Received violation event from: ICTGW_Probe
Raised violation: Unattended event - Rule fired:checkStarter


2026-04-10T12:19:12.858+0200 [Thread-7] INFO  it.cnr.isti.labsedc.concern.notification.NotificationManager - 
Received violation event from: ICTGW_Probe
Raised violation: Unattended event - Rule fired:catchFirstAndCheckSecond


2026-04-10T12:19:12.966+0200 [Thread-7] INFO  it.cnr.isti.labsedc.concern.notification.NotificationManager - 
Received violation event from: ICTGW_Probe
Raised violation: Unattended event - Rule fired:checkStarter


2026-04-10T12:19:12.970+0200 [Thread-7] INFO  it.cnr.isti.labsedc.concern.notification.NotificationManager - 
Received violation event from: ICTGW_Probe
Raised violation: Unattended event - Rule fired:catchFirstAndCheckSecond


2026-04-10T12:19:13.079+0200 [Thread-7] INFO  it.cnr.isti.labsedc.concern.notification.NotificationManager - 
Received violation event from: ICTGW_Probe
Raised violation: Unattended event - Rule fired:checkForCorrectFourth


2026-04-10T12:19:13.095+0200 [Thread-7] INFO  it.cnr.isti.labsedc.concern.notification.NotificationManager - 
Received violation event from: ICTGW_Probe
Raised violation: Unattended event - Rule fired:checkStarter


2026-04-10T12:19:13.099+0200 [Thread-7] INFO  it.cnr.isti.labsedc.concern.notification.NotificationManager - 
Received violation event from: ICTGW_Probe
Raised violation: Unattended event - Rule fired:catchFirstAndCheckSecond


2026-04-10T12:19:13.102+0200 [Thread-7] INFO  it.cnr.isti.labsedc.concern.notification.NotificationManager - 
Received violation event from: ICTGW_Probe
Raised violation: Unattended event - Rule fired:checkStarter


2026-04-10T12:19:13.105+0200 [Thread-7] INFO  it.cnr.isti.labsedc.concern.notification.NotificationManager - 
Received violation event from: ICTGW_Probe
Raised violation: Unattended event - Rule fired:checkStarter


2026-04-10T12:19:13.202+0200 [Thread-7] INFO  it.cnr.isti.labsedc.concern.notification.NotificationManager - 
Received violation event from: ICTGW_Probe
Raised violation: Unattended event - Rule fired:catchFirstAndCheckSecond


2026-04-10T12:19:13.206+0200 [Thread-7] INFO  it.cnr.isti.labsedc.concern.notification.NotificationManager - 
Received violation event from: ICTGW_Probe
Raised violation: Unattended event - Rule fired:catchFirstAndCheckSecond


2026-04-10T12:19:13.210+0200 [Thread-7] INFO  it.cnr.isti.labsedc.concern.notification.NotificationManager - 
Received violation event from: ICTGW_Probe
Raised violation: Unattended event - Rule fired:checkStarter


2026-04-10T12:19:13.213+0200 [Thread-7] INFO  it.cnr.isti.labsedc.concern.notification.NotificationManager - 
Received violation event from: ICTGW_Probe
Raised violation: Unattended event - Rule fired:checkStarter


2026-04-10T12:19:13.319+0200 [Thread-7] INFO  it.cnr.isti.labsedc.concern.notification.NotificationManager - 
Received violation event from: ICTGW_Probe
Raised violation: Unattended event - Rule fired:catchFirstAndCheckSecond


2026-04-10T12:19:13.322+0200 [Thread-7] INFO  it.cnr.isti.labsedc.concern.notification.NotificationManager - 
Received violation event from: ICTGW_Probe
Raised violation: Unattended event - Rule fired:checkStarter


2026-04-10T12:19:13.327+0200 [Thread-7] INFO  it.cnr.isti.labsedc.concern.notification.NotificationManager - 
Received violation event from: ICTGW_Probe
Raised violation: Unattended event - Rule fired:checkStarter


2026-04-10T12:19:13.331+0200 [Thread-7] INFO  it.cnr.isti.labsedc.concern.notification.NotificationManager - 
Received violation event from: ICTGW_Probe
Raised violation: Unattended event - Rule fired:catchFirstAndCheckSecond


2026-04-10T12:19:13.441+0200 [Thread-7] INFO  it.cnr.isti.labsedc.concern.notification.NotificationManager - 
Received violation event from: ICTGW_Probe
Raised violation: Unattended event - Rule fired:checkStarter


2026-04-10T12:19:13.445+0200 [Thread-7] INFO  it.cnr.isti.labsedc.concern.notification.NotificationManager - 
Received violation event from: ICTGW_Probe
Raised violation: Unattended event - Rule fired:catchFirstAndCheckSecond


2026-04-10T12:19:13.553+0200 [Thread-7] INFO  it.cnr.isti.labsedc.concern.notification.NotificationManager - 
Received violation event from: ICTGW_Probe
Raised violation: Unattended event - Rule fired:checkForCorrectFourth


2026-04-10T12:19:13.562+0200 [Thread-7] INFO  it.cnr.isti.labsedc.concern.notification.NotificationManager - 
Received violation event from: ICTGW_Probe
Raised violation: Unattended event - Rule fired:catchFirstAndCheckSecond


2026-04-10T12:19:13.567+0200 [Thread-7] INFO  it.cnr.isti.labsedc.concern.notification.NotificationManager - 
Received violation event from: ICTGW_Probe
Raised violation: Unattended event - Rule fired:checkStarter


2026-04-10T12:19:13.571+0200 [Thread-7] INFO  it.cnr.isti.labsedc.concern.notification.NotificationManager - 
Received violation event from: ICTGW_Probe
Raised violation: Unattended event - Rule fired:catchFirstAndCheckSecond


2026-04-10T12:19:13.676+0200 [Thread-7] INFO  it.cnr.isti.labsedc.concern.notification.NotificationManager - 
Received violation event from: ICTGW_Probe
Raised violation: Unattended event - Rule fired:catchFirstAndCheckSecond


2026-04-10T12:19:13.681+0200 [Thread-7] INFO  it.cnr.isti.labsedc.concern.notification.NotificationManager - 
Received violation event from: ICTGW_Probe
Raised violation: Unattended event - Rule fired:checkStarter


2026-04-10T12:19:13.686+0200 [Thread-7] INFO  it.cnr.isti.labsedc.concern.notification.NotificationManager - 
Received violation event from: ICTGW_Probe
Raised violation: Unattended event - Rule fired:checkStarter


2026-04-10T12:19:13.690+0200 [Thread-7] INFO  it.cnr.isti.labsedc.concern.notification.NotificationManager - 
Received violation event from: ICTGW_Probe
Raised violation: Unattended event - Rule fired:catchFirstAndCheckSecond


2026-04-10T12:19:13.798+0200 [Thread-7] INFO  it.cnr.isti.labsedc.concern.notification.NotificationManager - 
Received violation event from: ICTGW_Probe
Raised violation: Unattended event - Rule fired:catchFirstAndCheckSecond


2026-04-10T12:19:13.802+0200 [Thread-7] INFO  it.cnr.isti.labsedc.concern.notification.NotificationManager - 
Received violation event from: ICTGW_Probe
Raised violation: Unattended event - Rule fired:checkStarter


2026-04-10T12:19:13.913+0200 [Thread-7] INFO  it.cnr.isti.labsedc.concern.notification.NotificationManager - 
Received violation event from: ICTGW_Probe
Raised violation: Unattended event - Rule fired:checkForCorrectFourth


2026-04-10T12:19:13.919+0200 [Thread-7] INFO  it.cnr.isti.labsedc.concern.notification.NotificationManager - 
Received violation event from: ICTGW_Probe
Raised violation: Unattended event - Rule fired:checkStarter


2026-04-10T12:19:13.923+0200 [Thread-7] INFO  it.cnr.isti.labsedc.concern.notification.NotificationManager - 
Received violation event from: ICTGW_Probe
Raised violation: Unattended event - Rule fired:catchFirstAndCheckSecond


2026-04-10T12:19:13.926+0200 [Thread-7] INFO  it.cnr.isti.labsedc.concern.notification.NotificationManager - 
Received violation event from: ICTGW_Probe
Raised violation: Unattended event - Rule fired:checkStarter


2026-04-10T12:19:13.930+0200 [Thread-7] INFO  it.cnr.isti.labsedc.concern.notification.NotificationManager - 
Received violation event from: ICTGW_Probe
Raised violation: Unattended event - Rule fired:checkStarter


2026-04-10T12:19:14.035+0200 [Thread-7] INFO  it.cnr.isti.labsedc.concern.notification.NotificationManager - 
Received violation event from: ICTGW_Probe
Raised violation: Unattended event - Rule fired:catchFirstAndCheckSecond


2026-04-10T12:19:14.039+0200 [Thread-7] INFO  it.cnr.isti.labsedc.concern.notification.NotificationManager - 
Received violation event from: ICTGW_Probe
Raised violation: Unattended event - Rule fired:checkStarter


2026-04-10T12:19:14.045+0200 [Thread-7] INFO  it.cnr.isti.labsedc.concern.notification.NotificationManager - 
Received violation event from: ICTGW_Probe
Raised violation: Unattended event - Rule fired:checkStarter


2026-04-10T12:19:14.048+0200 [Thread-7] INFO  it.cnr.isti.labsedc.concern.notification.NotificationManager - 
Received violation event from: ICTGW_Probe
Raised violation: Unattended event - Rule fired:catchFirstAndCheckSecond


2026-04-10T12:19:14.155+0200 [Thread-7] INFO  it.cnr.isti.labsedc.concern.notification.NotificationManager - 
Received violation event from: ICTGW_Probe
Raised violation: Unattended event - Rule fired:catchFirstAndCheckSecond


2026-04-10T12:19:14.159+0200 [Thread-7] INFO  it.cnr.isti.labsedc.concern.notification.NotificationManager - 
Received violation event from: ICTGW_Probe
Raised violation: Unattended event - Rule fired:checkStarter


2026-04-10T12:19:14.270+0200 [Thread-7] INFO  it.cnr.isti.labsedc.concern.notification.NotificationManager - 
Received violation event from: ICTGW_Probe
Raised violation: Unattended event - Rule fired:checkForCorrectFourth


2026-04-10T12:19:14.278+0200 [Thread-7] INFO  it.cnr.isti.labsedc.concern.notification.NotificationManager - 
Received violation event from: ICTGW_Probe
Raised violation: Unattended event - Rule fired:checkStarter


2026-04-10T12:19:14.283+0200 [Thread-7] INFO  it.cnr.isti.labsedc.concern.notification.NotificationManager - 
Received violation event from: ICTGW_Probe
Raised violation: Unattended event - Rule fired:catchFirstAndCheckSecond


2026-04-10T12:19:14.286+0200 [Thread-7] INFO  it.cnr.isti.labsedc.concern.notification.NotificationManager - 
Received violation event from: ICTGW_Probe
Raised violation: Unattended event - Rule fired:checkStarter


2026-04-10T12:19:14.289+0200 [Thread-7] INFO  it.cnr.isti.labsedc.concern.notification.NotificationManager - 
Received violation event from: ICTGW_Probe
Raised violation: Unattended event - Rule fired:checkStarter


2026-04-10T12:19:14.394+0200 [Thread-7] INFO  it.cnr.isti.labsedc.concern.notification.NotificationManager - 
Received violation event from: ICTGW_Probe
Raised violation: Unattended event - Rule fired:checkStarter


2026-04-10T12:19:14.398+0200 [Thread-7] INFO  it.cnr.isti.labsedc.concern.notification.NotificationManager - 
Received violation event from: ICTGW_Probe
Raised violation: Unattended event - Rule fired:catchFirstAndCheckSecond


2026-04-10T12:19:14.508+0200 [Thread-7] INFO  it.cnr.isti.labsedc.concern.notification.NotificationManager - 
Received violation event from: ICTGW_Probe
Raised violation: Unattended event - Rule fired:checkForCorrectFourth


2026-04-10T12:19:14.516+0200 [Thread-7] INFO  it.cnr.isti.labsedc.concern.notification.NotificationManager - 
Received violation event from: ICTGW_Probe
Raised violation: Unattended event - Rule fired:checkStarter


2026-04-10T12:19:14.520+0200 [Thread-7] INFO  it.cnr.isti.labsedc.concern.notification.NotificationManager - 
Received violation event from: ICTGW_Probe
Raised violation: Unattended event - Rule fired:catchFirstAndCheckSecond


2026-04-10T12:19:14.523+0200 [Thread-7] INFO  it.cnr.isti.labsedc.concern.notification.NotificationManager - 
Received violation event from: ICTGW_Probe
Raised violation: Unattended event - Rule fired:checkStarter


2026-04-10T12:19:14.526+0200 [Thread-7] INFO  it.cnr.isti.labsedc.concern.notification.NotificationManager - 
Received violation event from: ICTGW_Probe
Raised violation: Unattended event - Rule fired:checkStarter


2026-04-10T12:19:14.632+0200 [Thread-7] INFO  it.cnr.isti.labsedc.concern.notification.NotificationManager - 
Received violation event from: ICTGW_Probe
Raised violation: Unattended event - Rule fired:catchFirstAndCheckSecond


2026-04-10T12:19:14.636+0200 [Thread-7] INFO  it.cnr.isti.labsedc.concern.notification.NotificationManager - 
Received violation event from: ICTGW_Probe
Raised violation: Unattended event - Rule fired:catchFirstAndCheckSecond


2026-04-10T12:19:14.640+0200 [Thread-7] INFO  it.cnr.isti.labsedc.concern.notification.NotificationManager - 
Received violation event from: ICTGW_Probe
Raised violation: Unattended event - Rule fired:checkStarter


2026-04-10T12:19:14.644+0200 [Thread-7] INFO  it.cnr.isti.labsedc.concern.notification.NotificationManager - 
Received violation event from: ICTGW_Probe
Raised violation: Unattended event - Rule fired:checkStarter


2026-04-10T12:19:14.750+0200 [Thread-7] INFO  it.cnr.isti.labsedc.concern.notification.NotificationManager - 
Received violation event from: ICTGW_Probe
Raised violation: Unattended event - Rule fired:catchFirstAndCheckSecond


2026-04-10T12:19:14.754+0200 [Thread-7] INFO  it.cnr.isti.labsedc.concern.notification.NotificationManager - 
Received violation event from: ICTGW_Probe
Raised violation: Unattended event - Rule fired:checkStarter


2026-04-10T12:19:14.758+0200 [Thread-7] INFO  it.cnr.isti.labsedc.concern.notification.NotificationManager - 
Received violation event from: ICTGW_Probe
Raised violation: Unattended event - Rule fired:checkStarter


2026-04-10T12:19:14.762+0200 [Thread-7] INFO  it.cnr.isti.labsedc.concern.notification.NotificationManager - 
Received violation event from: ICTGW_Probe
Raised violation: Unattended event - Rule fired:catchFirstAndCheckSecond


2026-04-10T12:19:14.872+0200 [Thread-7] INFO  it.cnr.isti.labsedc.concern.notification.NotificationManager - 
Received violation event from: ICTGW_Probe
Raised violation: Unattended event - Rule fired:catchFirstAndCheckSecond


2026-04-10T12:19:14.876+0200 [Thread-7] INFO  it.cnr.isti.labsedc.concern.notification.NotificationManager - 
Received violation event from: ICTGW_Probe
Raised violation: Unattended event - Rule fired:catchFirstAndCheckSecond


2026-04-10T12:19:14.879+0200 [Thread-7] INFO  it.cnr.isti.labsedc.concern.notification.NotificationManager - 
Received violation event from: ICTGW_Probe
Raised violation: Unattended event - Rule fired:checkStarter


2026-04-10T12:19:14.882+0200 [Thread-7] INFO  it.cnr.isti.labsedc.concern.notification.NotificationManager - 
Received violation event from: ICTGW_Probe
Raised violation: Unattended event - Rule fired:checkStarter


2026-04-10T12:19:14.987+0200 [Thread-7] INFO  it.cnr.isti.labsedc.concern.notification.NotificationManager - 
Received violation event from: ICTGW_Probe
Raised violation: Unattended event - Rule fired:catchFirstAndCheckSecond


2026-04-10T12:19:14.990+0200 [Thread-7] INFO  it.cnr.isti.labsedc.concern.notification.NotificationManager - 
Received violation event from: ICTGW_Probe
Raised violation: Unattended event - Rule fired:checkStarter


2026-04-10T12:19:14.996+0200 [Thread-7] INFO  it.cnr.isti.labsedc.concern.notification.NotificationManager - 
Received violation event from: ICTGW_Probe
Raised violation: Unattended event - Rule fired:checkStarter


2026-04-10T12:19:15.000+0200 [Thread-7] INFO  it.cnr.isti.labsedc.concern.notification.NotificationManager - 
Received violation event from: ICTGW_Probe
Raised violation: Unattended event - Rule fired:catchFirstAndCheckSecond


2026-04-10T12:19:15.106+0200 [Thread-7] INFO  it.cnr.isti.labsedc.concern.notification.NotificationManager - 
Received violation event from: ICTGW_Probe
Raised violation: Unattended event - Rule fired:catchFirstAndCheckSecond


2026-04-10T12:19:15.110+0200 [Thread-7] INFO  it.cnr.isti.labsedc.concern.notification.NotificationManager - 
Received violation event from: ICTGW_Probe
Raised violation: Unattended event - Rule fired:checkStarter


2026-04-10T12:19:15.221+0200 [Thread-7] INFO  it.cnr.isti.labsedc.concern.notification.NotificationManager - 
Received violation event from: ICTGW_Probe
Raised violation: Unattended event - Rule fired:checkForCorrectFourth


2026-04-10T12:19:15.228+0200 [Thread-7] INFO  it.cnr.isti.labsedc.concern.notification.NotificationManager - 
Received violation event from: ICTGW_Probe
Raised violation: Unattended event - Rule fired:checkStarter


2026-04-10T12:19:15.232+0200 [Thread-7] INFO  it.cnr.isti.labsedc.concern.notification.NotificationManager - 
Received violation event from: ICTGW_Probe
Raised violation: Unattended event - Rule fired:catchFirstAndCheckSecond


2026-04-10T12:19:15.235+0200 [Thread-7] INFO  it.cnr.isti.labsedc.concern.notification.NotificationManager - 
Received violation event from: ICTGW_Probe
Raised violation: Unattended event - Rule fired:checkStarter


2026-04-10T12:19:15.238+0200 [Thread-7] INFO  it.cnr.isti.labsedc.concern.notification.NotificationManager - 
Received violation event from: ICTGW_Probe
Raised violation: Unattended event - Rule fired:checkStarter


2026-04-10T12:19:15.344+0200 [Thread-7] INFO  it.cnr.isti.labsedc.concern.notification.NotificationManager - 
Received violation event from: ICTGW_Probe
Raised violation: Unattended event - Rule fired:catchFirstAndCheckSecond


2026-04-10T12:19:15.348+0200 [Thread-7] INFO  it.cnr.isti.labsedc.concern.notification.NotificationManager - 
Received violation event from: ICTGW_Probe
Raised violation: Unattended event - Rule fired:catchFirstAndCheckSecond


2026-04-10T12:19:15.352+0200 [Thread-7] INFO  it.cnr.isti.labsedc.concern.notification.NotificationManager - 
Received violation event from: ICTGW_Probe
Raised violation: Unattended event - Rule fired:checkStarter


2026-04-10T12:19:15.355+0200 [Thread-7] INFO  it.cnr.isti.labsedc.concern.notification.NotificationManager - 
Received violation event from: ICTGW_Probe
Raised violation: Unattended event - Rule fired:checkStarter


2026-04-10T12:19:15.463+0200 [Thread-7] INFO  it.cnr.isti.labsedc.concern.notification.NotificationManager - 
Received violation event from: ICTGW_Probe
Raised violation: Unattended event - Rule fired:catchFirstAndCheckSecond


2026-04-10T12:19:15.468+0200 [Thread-7] INFO  it.cnr.isti.labsedc.concern.notification.NotificationManager - 
Received violation event from: ICTGW_Probe
Raised violation: Unattended event - Rule fired:catchFirstAndCheckSecond


2026-04-10T12:19:15.472+0200 [Thread-7] INFO  it.cnr.isti.labsedc.concern.notification.NotificationManager - 
Received violation event from: ICTGW_Probe
Raised violation: Unattended event - Rule fired:checkStarter


2026-04-10T12:19:15.475+0200 [Thread-7] INFO  it.cnr.isti.labsedc.concern.notification.NotificationManager - 
Received violation event from: ICTGW_Probe
Raised violation: Unattended event - Rule fired:checkStarter


2026-04-10T12:19:15.582+0200 [Thread-7] INFO  it.cnr.isti.labsedc.concern.notification.NotificationManager - 
Received violation event from: ICTGW_Probe
Raised violation: Unattended event - Rule fired:checkStarter


2026-04-10T12:19:15.586+0200 [Thread-7] INFO  it.cnr.isti.labsedc.concern.notification.NotificationManager - 
Received violation event from: ICTGW_Probe
Raised violation: Unattended event - Rule fired:catchFirstAndCheckSecond


2026-04-10T12:19:15.694+0200 [Thread-7] INFO  it.cnr.isti.labsedc.concern.notification.NotificationManager - 
Received violation event from: ICTGW_Probe
Raised violation: Unattended event - Rule fired:checkForCorrectFourth


2026-04-10T12:19:15.702+0200 [Thread-7] INFO  it.cnr.isti.labsedc.concern.notification.NotificationManager - 
Received violation event from: ICTGW_Probe
Raised violation: Unattended event - Rule fired:checkStarter


2026-04-10T12:19:15.706+0200 [Thread-7] INFO  it.cnr.isti.labsedc.concern.notification.NotificationManager - 
Received violation event from: ICTGW_Probe
Raised violation: Unattended event - Rule fired:catchFirstAndCheckSecond


2026-04-10T12:19:15.709+0200 [Thread-7] INFO  it.cnr.isti.labsedc.concern.notification.NotificationManager - 
Received violation event from: ICTGW_Probe
Raised violation: Unattended event - Rule fired:checkStarter


2026-04-10T12:19:15.712+0200 [Thread-7] INFO  it.cnr.isti.labsedc.concern.notification.NotificationManager - 
Received violation event from: ICTGW_Probe
Raised violation: Unattended event - Rule fired:checkStarter


2026-04-10T12:19:15.817+0200 [Thread-7] INFO  it.cnr.isti.labsedc.concern.notification.NotificationManager - 
Received violation event from: ICTGW_Probe
Raised violation: Unattended event - Rule fired:checkStarter


2026-04-10T12:19:15.820+0200 [Thread-7] INFO  it.cnr.isti.labsedc.concern.notification.NotificationManager - 
Received violation event from: ICTGW_Probe
Raised violation: Unattended event - Rule fired:catchFirstAndCheckSecond


2026-04-10T12:19:15.930+0200 [Thread-7] INFO  it.cnr.isti.labsedc.concern.notification.NotificationManager - 
Received violation event from: ICTGW_Probe
Raised violation: Unattended event - Rule fired:checkForCorrectFourth


2026-04-10T12:19:15.937+0200 [Thread-7] INFO  it.cnr.isti.labsedc.concern.notification.NotificationManager - 
Received violation event from: ICTGW_Probe
Raised violation: Unattended event - Rule fired:checkStarter


2026-04-10T12:19:15.940+0200 [Thread-7] INFO  it.cnr.isti.labsedc.concern.notification.NotificationManager - 
Received violation event from: ICTGW_Probe
Raised violation: Unattended event - Rule fired:catchFirstAndCheckSecond


2026-04-10T12:19:15.944+0200 [Thread-7] INFO  it.cnr.isti.labsedc.concern.notification.NotificationManager - 
Received violation event from: ICTGW_Probe
Raised violation: Unattended event - Rule fired:checkStarter


2026-04-10T12:19:15.947+0200 [Thread-7] INFO  it.cnr.isti.labsedc.concern.notification.NotificationManager - 
Received violation event from: ICTGW_Probe
Raised violation: Unattended event - Rule fired:checkStarter


2026-04-10T12:19:16.053+0200 [Thread-7] INFO  it.cnr.isti.labsedc.concern.notification.NotificationManager - 
Received violation event from: ICTGW_Probe
Raised violation: Unattended event - Rule fired:catchFirstAndCheckSecond


2026-04-10T12:19:16.057+0200 [Thread-7] INFO  it.cnr.isti.labsedc.concern.notification.NotificationManager - 
Received violation event from: ICTGW_Probe
Raised violation: Unattended event - Rule fired:catchFirstAndCheckSecond


2026-04-10T12:19:16.061+0200 [Thread-7] INFO  it.cnr.isti.labsedc.concern.notification.NotificationManager - 
Received violation event from: ICTGW_Probe
Raised violation: Unattended event - Rule fired:checkStarter


2026-04-10T12:19:16.064+0200 [Thread-7] INFO  it.cnr.isti.labsedc.concern.notification.NotificationManager - 
Received violation event from: ICTGW_Probe
Raised violation: Unattended event - Rule fired:checkStarter


2026-04-10T12:19:16.168+0200 [Thread-7] INFO  it.cnr.isti.labsedc.concern.notification.NotificationManager - 
Received violation event from: ICTGW_Probe
Raised violation: Unattended event - Rule fired:catchFirstAndCheckSecond


2026-04-10T12:19:16.172+0200 [Thread-7] INFO  it.cnr.isti.labsedc.concern.notification.NotificationManager - 
Received violation event from: ICTGW_Probe
Raised violation: Unattended event - Rule fired:checkStarter


2026-04-10T12:19:16.177+0200 [Thread-7] INFO  it.cnr.isti.labsedc.concern.notification.NotificationManager - 
Received violation event from: ICTGW_Probe
Raised violation: Unattended event - Rule fired:checkStarter


2026-04-10T12:19:16.181+0200 [Thread-7] INFO  it.cnr.isti.labsedc.concern.notification.NotificationManager - 
Received violation event from: ICTGW_Probe
Raised violation: Unattended event - Rule fired:catchFirstAndCheckSecond


2026-04-10T12:19:16.288+0200 [Thread-7] INFO  it.cnr.isti.labsedc.concern.notification.NotificationManager - 
Received violation event from: ICTGW_Probe
Raised violation: Unattended event - Rule fired:catchFirstAndCheckSecond


2026-04-10T12:19:16.292+0200 [Thread-7] INFO  it.cnr.isti.labsedc.concern.notification.NotificationManager - 
Received violation event from: ICTGW_Probe
Raised violation: Unattended event - Rule fired:checkStarter


2026-04-10T12:19:16.402+0200 [Thread-7] INFO  it.cnr.isti.labsedc.concern.notification.NotificationManager - 
Received violation event from: ICTGW_Probe
Raised violation: Unattended event - Rule fired:checkForCorrectFourth


2026-04-10T12:19:16.409+0200 [Thread-7] INFO  it.cnr.isti.labsedc.concern.notification.NotificationManager - 
Received violation event from: ICTGW_Probe
Raised violation: Unattended event - Rule fired:checkStarter


2026-04-10T12:19:16.412+0200 [Thread-7] INFO  it.cnr.isti.labsedc.concern.notification.NotificationManager - 
Received violation event from: ICTGW_Probe
Raised violation: Unattended event - Rule fired:catchFirstAndCheckSecond


2026-04-10T12:19:16.415+0200 [Thread-7] INFO  it.cnr.isti.labsedc.concern.notification.NotificationManager - 
Received violation event from: ICTGW_Probe
Raised violation: Unattended event - Rule fired:checkStarter


2026-04-10T12:19:16.419+0200 [Thread-7] INFO  it.cnr.isti.labsedc.concern.notification.NotificationManager - 
Received violation event from: ICTGW_Probe
Raised violation: Unattended event - Rule fired:checkStarter


2026-04-10T12:19:16.524+0200 [Thread-7] INFO  it.cnr.isti.labsedc.concern.notification.NotificationManager - 
Received violation event from: ICTGW_Probe
Raised violation: Unattended event - Rule fired:catchFirstAndCheckSecond


2026-04-10T12:19:16.527+0200 [Thread-7] INFO  it.cnr.isti.labsedc.concern.notification.NotificationManager - 
Received violation event from: ICTGW_Probe
Raised violation: Unattended event - Rule fired:checkStarter


2026-04-10T12:19:16.640+0200 [Thread-7] INFO  it.cnr.isti.labsedc.concern.notification.NotificationManager - 
Received violation event from: ICTGW_Probe
Raised violation: Unattended event - Rule fired:checkForCorrectFourth


2026-04-10T12:19:16.647+0200 [Thread-7] INFO  it.cnr.isti.labsedc.concern.notification.NotificationManager - 
Received violation event from: ICTGW_Probe
Raised violation: Unattended event - Rule fired:checkStarter


2026-04-10T12:19:16.651+0200 [Thread-7] INFO  it.cnr.isti.labsedc.concern.notification.NotificationManager - 
Received violation event from: ICTGW_Probe
Raised violation: Unattended event - Rule fired:catchFirstAndCheckSecond


2026-04-10T12:19:16.654+0200 [Thread-7] INFO  it.cnr.isti.labsedc.concern.notification.NotificationManager - 
Received violation event from: ICTGW_Probe
Raised violation: Unattended event - Rule fired:checkStarter


2026-04-10T12:19:16.658+0200 [Thread-7] INFO  it.cnr.isti.labsedc.concern.notification.NotificationManager - 
Received violation event from: ICTGW_Probe
Raised violation: Unattended event - Rule fired:checkStarter


2026-04-10T12:19:16.764+0200 [Thread-7] INFO  it.cnr.isti.labsedc.concern.notification.NotificationManager - 
Received violation event from: ICTGW_Probe
Raised violation: Unattended event - Rule fired:catchFirstAndCheckSecond


2026-04-10T12:19:16.768+0200 [Thread-7] INFO  it.cnr.isti.labsedc.concern.notification.NotificationManager - 
Received violation event from: ICTGW_Probe
Raised violation: Unattended event - Rule fired:catchFirstAndCheckSecond


2026-04-10T12:19:16.771+0200 [Thread-7] INFO  it.cnr.isti.labsedc.concern.notification.NotificationManager - 
Received violation event from: ICTGW_Probe
Raised violation: Unattended event - Rule fired:checkStarter


2026-04-10T12:19:16.774+0200 [Thread-7] INFO  it.cnr.isti.labsedc.concern.notification.NotificationManager - 
Received violation event from: ICTGW_Probe
Raised violation: Unattended event - Rule fired:checkStarter


2026-04-10T12:19:16.883+0200 [Thread-7] INFO  it.cnr.isti.labsedc.concern.notification.NotificationManager - 
Received violation event from: ICTGW_Probe
Raised violation: Unattended event - Rule fired:catchFirstAndCheckSecond


2026-04-10T12:19:16.887+0200 [Thread-7] INFO  it.cnr.isti.labsedc.concern.notification.NotificationManager - 
Received violation event from: ICTGW_Probe
Raised violation: Unattended event - Rule fired:catchFirstAndCheckSecond


2026-04-10T12:19:16.890+0200 [Thread-7] INFO  it.cnr.isti.labsedc.concern.notification.NotificationManager - 
Received violation event from: ICTGW_Probe
Raised violation: Unattended event - Rule fired:checkStarter


2026-04-10T12:19:16.893+0200 [Thread-7] INFO  it.cnr.isti.labsedc.concern.notification.NotificationManager - 
Received violation event from: ICTGW_Probe
Raised violation: Unattended event - Rule fired:checkStarter


2026-04-10T12:19:16.999+0200 [Thread-7] INFO  it.cnr.isti.labsedc.concern.notification.NotificationManager - 
Received violation event from: ICTGW_Probe
Raised violation: Unattended event - Rule fired:catchFirstAndCheckSecond


2026-04-10T12:19:17.002+0200 [Thread-7] INFO  it.cnr.isti.labsedc.concern.notification.NotificationManager - 
Received violation event from: ICTGW_Probe
Raised violation: Unattended event - Rule fired:checkStarter


2026-04-10T12:19:17.007+0200 [Thread-7] INFO  it.cnr.isti.labsedc.concern.notification.NotificationManager - 
Received violation event from: ICTGW_Probe
Raised violation: Unattended event - Rule fired:checkStarter


2026-04-10T12:19:17.011+0200 [Thread-7] INFO  it.cnr.isti.labsedc.concern.notification.NotificationManager - 
Received violation event from: ICTGW_Probe
Raised violation: Unattended event - Rule fired:catchFirstAndCheckSecond


2026-04-10T12:19:17.120+0200 [Thread-7] INFO  it.cnr.isti.labsedc.concern.notification.NotificationManager - 
Received violation event from: ICTGW_Probe
Raised violation: Unattended event - Rule fired:catchFirstAndCheckSecond


2026-04-10T12:19:17.124+0200 [Thread-7] INFO  it.cnr.isti.labsedc.concern.notification.NotificationManager - 
Received violation event from: ICTGW_Probe
Raised violation: Unattended event - Rule fired:catchFirstAndCheckSecond


2026-04-10T12:19:17.127+0200 [Thread-7] INFO  it.cnr.isti.labsedc.concern.notification.NotificationManager - 
Received violation event from: ICTGW_Probe
Raised violation: Unattended event - Rule fired:checkStarter


2026-04-10T12:19:17.130+0200 [Thread-7] INFO  it.cnr.isti.labsedc.concern.notification.NotificationManager - 
Received violation event from: ICTGW_Probe
Raised violation: Unattended event - Rule fired:checkStarter


2026-04-10T12:19:17.238+0200 [Thread-7] INFO  it.cnr.isti.labsedc.concern.notification.NotificationManager - 
Received violation event from: ICTGW_Probe
Raised violation: Unattended event - Rule fired:catchFirstAndCheckSecond


2026-04-10T12:19:17.242+0200 [Thread-7] INFO  it.cnr.isti.labsedc.concern.notification.NotificationManager - 
Received violation event from: ICTGW_Probe
Raised violation: Unattended event - Rule fired:checkStarter


2026-04-10T12:19:17.353+0200 [Thread-7] INFO  it.cnr.isti.labsedc.concern.notification.NotificationManager - 
Received violation event from: ICTGW_Probe
Raised violation: Unattended event - Rule fired:checkForCorrectFourth


2026-04-10T12:19:17.361+0200 [Thread-7] INFO  it.cnr.isti.labsedc.concern.notification.NotificationManager - 
Received violation event from: ICTGW_Probe
Raised violation: Unattended event - Rule fired:catchFirstAndCheckSecond


2026-04-10T12:19:17.365+0200 [Thread-7] INFO  it.cnr.isti.labsedc.concern.notification.NotificationManager - 
Received violation event from: ICTGW_Probe
Raised violation: Unattended event - Rule fired:checkStarter


2026-04-10T12:19:17.368+0200 [Thread-7] INFO  it.cnr.isti.labsedc.concern.notification.NotificationManager - 
Received violation event from: ICTGW_Probe
Raised violation: Unattended event - Rule fired:catchFirstAndCheckSecond


2026-04-10T12:19:17.477+0200 [Thread-7] INFO  it.cnr.isti.labsedc.concern.notification.NotificationManager - 
Received violation event from: ICTGW_Probe
Raised violation: Unattended event - Rule fired:checkStarter


2026-04-10T12:19:17.481+0200 [Thread-7] INFO  it.cnr.isti.labsedc.concern.notification.NotificationManager - 
Received violation event from: ICTGW_Probe
Raised violation: Unattended event - Rule fired:catchFirstAndCheckSecond


2026-04-10T12:19:17.591+0200 [Thread-7] INFO  it.cnr.isti.labsedc.concern.notification.NotificationManager - 
Received violation event from: ICTGW_Probe
Raised violation: Unattended event - Rule fired:checkForCorrectFourth


2026-04-10T12:19:17.606+0200 [Thread-7] INFO  it.cnr.isti.labsedc.concern.notification.NotificationManager - 
Received violation event from: ICTGW_Probe
Raised violation: Unattended event - Rule fired:checkStarter


2026-04-10T12:19:17.609+0200 [Thread-7] INFO  it.cnr.isti.labsedc.concern.notification.NotificationManager - 
Received violation event from: ICTGW_Probe
Raised violation: Unattended event - Rule fired:catchFirstAndCheckSecond


2026-04-10T12:19:17.612+0200 [Thread-7] INFO  it.cnr.isti.labsedc.concern.notification.NotificationManager - 
Received violation event from: ICTGW_Probe
Raised violation: Unattended event - Rule fired:checkStarter


2026-04-10T12:19:17.615+0200 [Thread-7] INFO  it.cnr.isti.labsedc.concern.notification.NotificationManager - 
Received violation event from: ICTGW_Probe
Raised violation: Unattended event - Rule fired:checkStarter


2026-04-10T12:19:17.713+0200 [Thread-7] INFO  it.cnr.isti.labsedc.concern.notification.NotificationManager - 
Received violation event from: ICTGW_Probe
Raised violation: Unattended event - Rule fired:catchFirstAndCheckSecond


2026-04-10T12:19:17.716+0200 [Thread-7] INFO  it.cnr.isti.labsedc.concern.notification.NotificationManager - 
Received violation event from: ICTGW_Probe
Raised violation: Unattended event - Rule fired:checkStarter


2026-04-10T12:19:17.827+0200 [Thread-7] INFO  it.cnr.isti.labsedc.concern.notification.NotificationManager - 
Received violation event from: ICTGW_Probe
Raised violation: Unattended event - Rule fired:checkForCorrectFourth


2026-04-10T12:19:17.834+0200 [Thread-7] INFO  it.cnr.isti.labsedc.concern.notification.NotificationManager - 
Received violation event from: ICTGW_Probe
Raised violation: Unattended event - Rule fired:checkStarter


2026-04-10T12:19:17.838+0200 [Thread-7] INFO  it.cnr.isti.labsedc.concern.notification.NotificationManager - 
Received violation event from: ICTGW_Probe
Raised violation: Unattended event - Rule fired:catchFirstAndCheckSecond


2026-04-10T12:19:17.842+0200 [Thread-7] INFO  it.cnr.isti.labsedc.concern.notification.NotificationManager - 
Received violation event from: ICTGW_Probe
Raised violation: Unattended event - Rule fired:checkStarter


2026-04-10T12:19:17.845+0200 [Thread-7] INFO  it.cnr.isti.labsedc.concern.notification.NotificationManager - 
Received violation event from: ICTGW_Probe
Raised violation: Unattended event - Rule fired:checkStarter


2026-04-10T12:19:17.951+0200 [Thread-7] INFO  it.cnr.isti.labsedc.concern.notification.NotificationManager - 
Received violation event from: ICTGW_Probe
Raised violation: Unattended event - Rule fired:catchFirstAndCheckSecond


2026-04-10T12:19:17.955+0200 [Thread-7] INFO  it.cnr.isti.labsedc.concern.notification.NotificationManager - 
Received violation event from: ICTGW_Probe
Raised violation: Unattended event - Rule fired:catchFirstAndCheckSecond


2026-04-10T12:19:17.958+0200 [Thread-7] INFO  it.cnr.isti.labsedc.concern.notification.NotificationManager - 
Received violation event from: ICTGW_Probe
Raised violation: Unattended event - Rule fired:checkStarter


2026-04-10T12:19:17.960+0200 [Thread-7] INFO  it.cnr.isti.labsedc.concern.notification.NotificationManager - 
Received violation event from: ICTGW_Probe
Raised violation: Unattended event - Rule fired:checkStarter


2026-04-10T12:19:18.070+0200 [Thread-7] INFO  it.cnr.isti.labsedc.concern.notification.NotificationManager - 
Received violation event from: ICTGW_Probe
Raised violation: Unattended event - Rule fired:catchFirstAndCheckSecond


2026-04-10T12:19:18.074+0200 [Thread-7] INFO  it.cnr.isti.labsedc.concern.notification.NotificationManager - 
Received violation event from: ICTGW_Probe
Raised violation: Unattended event - Rule fired:catchFirstAndCheckSecond


2026-04-10T12:19:18.078+0200 [Thread-7] INFO  it.cnr.isti.labsedc.concern.notification.NotificationManager - 
Received violation event from: ICTGW_Probe
Raised violation: Unattended event - Rule fired:checkStarter


2026-04-10T12:19:18.081+0200 [Thread-7] INFO  it.cnr.isti.labsedc.concern.notification.NotificationManager - 
Received violation event from: ICTGW_Probe
Raised violation: Unattended event - Rule fired:checkStarter


2026-04-10T12:19:18.189+0200 [Thread-7] INFO  it.cnr.isti.labsedc.concern.notification.NotificationManager - 
Received violation event from: ICTGW_Probe
Raised violation: Unattended event - Rule fired:catchFirstAndCheckSecond


2026-04-10T12:19:18.192+0200 [Thread-7] INFO  it.cnr.isti.labsedc.concern.notification.NotificationManager - 
Received violation event from: ICTGW_Probe
Raised violation: Unattended event - Rule fired:catchFirstAndCheckSecond


2026-04-10T12:19:18.195+0200 [Thread-7] INFO  it.cnr.isti.labsedc.concern.notification.NotificationManager - 
Received violation event from: ICTGW_Probe
Raised violation: Unattended event - Rule fired:checkStarter


2026-04-10T12:19:18.198+0200 [Thread-7] INFO  it.cnr.isti.labsedc.concern.notification.NotificationManager - 
Received violation event from: ICTGW_Probe
Raised violation: Unattended event - Rule fired:checkStarter


2026-04-10T12:19:18.306+0200 [Thread-7] INFO  it.cnr.isti.labsedc.concern.notification.NotificationManager - 
Received violation event from: ICTGW_Probe
Raised violation: Unattended event - Rule fired:catchFirstAndCheckSecond


2026-04-10T12:19:18.310+0200 [Thread-7] INFO  it.cnr.isti.labsedc.concern.notification.NotificationManager - 
Received violation event from: ICTGW_Probe
Raised violation: Unattended event - Rule fired:catchFirstAndCheckSecond


2026-04-10T12:19:18.313+0200 [Thread-7] INFO  it.cnr.isti.labsedc.concern.notification.NotificationManager - 
Received violation event from: ICTGW_Probe
Raised violation: Unattended event - Rule fired:checkStarter


2026-04-10T12:19:18.316+0200 [Thread-7] INFO  it.cnr.isti.labsedc.concern.notification.NotificationManager - 
Received violation event from: ICTGW_Probe
Raised violation: Unattended event - Rule fired:checkStarter


2026-04-10T12:19:18.422+0200 [Thread-7] INFO  it.cnr.isti.labsedc.concern.notification.NotificationManager - 
Received violation event from: ICTGW_Probe
Raised violation: Unattended event - Rule fired:catchFirstAndCheckSecond


2026-04-10T12:19:18.426+0200 [Thread-7] INFO  it.cnr.isti.labsedc.concern.notification.NotificationManager - 
Received violation event from: ICTGW_Probe
Raised violation: Unattended event - Rule fired:checkStarter


2026-04-10T12:19:18.431+0200 [Thread-7] INFO  it.cnr.isti.labsedc.concern.notification.NotificationManager - 
Received violation event from: ICTGW_Probe
Raised violation: Unattended event - Rule fired:checkStarter


2026-04-10T12:19:18.434+0200 [Thread-7] INFO  it.cnr.isti.labsedc.concern.notification.NotificationManager - 
Received violation event from: ICTGW_Probe
Raised violation: Unattended event - Rule fired:catchFirstAndCheckSecond


2026-04-10T12:19:18.541+0200 [Thread-7] INFO  it.cnr.isti.labsedc.concern.notification.NotificationManager - 
Received violation event from: ICTGW_Probe
Raised violation: Unattended event - Rule fired:catchFirstAndCheckSecond


2026-04-10T12:19:18.544+0200 [Thread-7] INFO  it.cnr.isti.labsedc.concern.notification.NotificationManager - 
Received violation event from: ICTGW_Probe
Raised violation: Unattended event - Rule fired:checkStarter


2026-04-10T12:19:18.656+0200 [Thread-7] INFO  it.cnr.isti.labsedc.concern.notification.NotificationManager - 
Received violation event from: ICTGW_Probe
Raised violation: Unattended event - Rule fired:checkForCorrectFourth


2026-04-10T12:19:18.663+0200 [Thread-7] INFO  it.cnr.isti.labsedc.concern.notification.NotificationManager - 
Received violation event from: ICTGW_Probe
Raised violation: Unattended event - Rule fired:checkStarter


2026-04-10T12:19:18.667+0200 [Thread-7] INFO  it.cnr.isti.labsedc.concern.notification.NotificationManager - 
Received violation event from: ICTGW_Probe
Raised violation: Unattended event - Rule fired:catchFirstAndCheckSecond


2026-04-10T12:19:18.670+0200 [Thread-7] INFO  it.cnr.isti.labsedc.concern.notification.NotificationManager - 
Received violation event from: ICTGW_Probe
Raised violation: Unattended event - Rule fired:checkStarter


2026-04-10T12:19:18.674+0200 [Thread-7] INFO  it.cnr.isti.labsedc.concern.notification.NotificationManager - 
Received violation event from: ICTGW_Probe
Raised violation: Unattended event - Rule fired:checkStarter


2026-04-10T12:19:18.781+0200 [Thread-7] INFO  it.cnr.isti.labsedc.concern.notification.NotificationManager - 
Received violation event from: ICTGW_Probe
Raised violation: Unattended event - Rule fired:catchFirstAndCheckSecond


2026-04-10T12:19:18.784+0200 [Thread-7] INFO  it.cnr.isti.labsedc.concern.notification.NotificationManager - 
Received violation event from: ICTGW_Probe
Raised violation: Unattended event - Rule fired:checkStarter


2026-04-10T12:19:18.789+0200 [Thread-7] INFO  it.cnr.isti.labsedc.concern.notification.NotificationManager - 
Received violation event from: ICTGW_Probe
Raised violation: Unattended event - Rule fired:checkStarter


2026-04-10T12:19:18.792+0200 [Thread-7] INFO  it.cnr.isti.labsedc.concern.notification.NotificationManager - 
Received violation event from: ICTGW_Probe
Raised violation: Unattended event - Rule fired:catchFirstAndCheckSecond


2026-04-10T12:19:18.898+0200 [Thread-7] INFO  it.cnr.isti.labsedc.concern.notification.NotificationManager - 
Received violation event from: ICTGW_Probe
Raised violation: Unattended event - Rule fired:checkStarter


2026-04-10T12:19:18.901+0200 [Thread-7] INFO  it.cnr.isti.labsedc.concern.notification.NotificationManager - 
Received violation event from: ICTGW_Probe
Raised violation: Unattended event - Rule fired:catchFirstAndCheckSecond


2026-04-10T12:19:19.010+0200 [Thread-7] INFO  it.cnr.isti.labsedc.concern.notification.NotificationManager - 
Received violation event from: ICTGW_Probe
Raised violation: Unattended event - Rule fired:checkForCorrectFourth


2026-04-10T12:19:19.016+0200 [Thread-7] INFO  it.cnr.isti.labsedc.concern.notification.NotificationManager - 
Received violation event from: ICTGW_Probe
Raised violation: Unattended event - Rule fired:catchFirstAndCheckSecond


2026-04-10T12:19:19.021+0200 [Thread-7] INFO  it.cnr.isti.labsedc.concern.notification.NotificationManager - 
Received violation event from: ICTGW_Probe
Raised violation: Unattended event - Rule fired:checkStarter


2026-04-10T12:19:19.024+0200 [Thread-7] INFO  it.cnr.isti.labsedc.concern.notification.NotificationManager - 
Received violation event from: ICTGW_Probe
Raised violation: Unattended event - Rule fired:catchFirstAndCheckSecond


2026-04-10T12:19:19.133+0200 [Thread-7] INFO  it.cnr.isti.labsedc.concern.notification.NotificationManager - 
Received violation event from: ICTGW_Probe
Raised violation: Unattended event - Rule fired:checkStarter


2026-04-10T12:19:19.137+0200 [Thread-7] INFO  it.cnr.isti.labsedc.concern.notification.NotificationManager - 
Received violation event from: ICTGW_Probe
Raised violation: Unattended event - Rule fired:catchFirstAndCheckSecond


2026-04-10T12:19:19.246+0200 [Thread-7] INFO  it.cnr.isti.labsedc.concern.notification.NotificationManager - 
Received violation event from: ICTGW_Probe
Raised violation: Unattended event - Rule fired:checkForCorrectFourth


2026-04-10T12:19:19.253+0200 [Thread-7] INFO  it.cnr.isti.labsedc.concern.notification.NotificationManager - 
Received violation event from: ICTGW_Probe
Raised violation: Unattended event - Rule fired:catchFirstAndCheckSecond


2026-04-10T12:19:19.259+0200 [Thread-7] INFO  it.cnr.isti.labsedc.concern.notification.NotificationManager - 
Received violation event from: ICTGW_Probe
Raised violation: Unattended event - Rule fired:checkStarter


2026-04-10T12:19:19.262+0200 [Thread-7] INFO  it.cnr.isti.labsedc.concern.notification.NotificationManager - 
Received violation event from: ICTGW_Probe
Raised violation: Unattended event - Rule fired:catchFirstAndCheckSecond


2026-04-10T12:19:19.368+0200 [Thread-7] INFO  it.cnr.isti.labsedc.concern.notification.NotificationManager - 
Received violation event from: ICTGW_Probe
Raised violation: Unattended event - Rule fired:catchFirstAndCheckSecond


2026-04-10T12:19:19.372+0200 [Thread-7] INFO  it.cnr.isti.labsedc.concern.notification.NotificationManager - 
Received violation event from: ICTGW_Probe
Raised violation: Unattended event - Rule fired:checkStarter


2026-04-10T12:19:19.378+0200 [Thread-7] INFO  it.cnr.isti.labsedc.concern.notification.NotificationManager - 
Received violation event from: ICTGW_Probe
Raised violation: Unattended event - Rule fired:checkStarter


2026-04-10T12:19:19.382+0200 [Thread-7] INFO  it.cnr.isti.labsedc.concern.notification.NotificationManager - 
Received violation event from: ICTGW_Probe
Raised violation: Unattended event - Rule fired:catchFirstAndCheckSecond


2026-04-10T12:19:19.494+0200 [Thread-7] INFO  it.cnr.isti.labsedc.concern.notification.NotificationManager - 
Received violation event from: ICTGW_Probe
Raised violation: Unattended event - Rule fired:checkStarter


2026-04-10T12:19:19.497+0200 [Thread-7] INFO  it.cnr.isti.labsedc.concern.notification.NotificationManager - 
Received violation event from: ICTGW_Probe
Raised violation: Unattended event - Rule fired:catchFirstAndCheckSecond


2026-04-10T12:19:19.604+0200 [Thread-7] INFO  it.cnr.isti.labsedc.concern.notification.NotificationManager - 
Received violation event from: ICTGW_Probe
Raised violation: Unattended event - Rule fired:checkForCorrectFourth


2026-04-10T12:19:19.610+0200 [Thread-7] INFO  it.cnr.isti.labsedc.concern.notification.NotificationManager - 
Received violation event from: ICTGW_Probe
Raised violation: Unattended event - Rule fired:checkStarter


2026-04-10T12:19:19.614+0200 [Thread-7] INFO  it.cnr.isti.labsedc.concern.notification.NotificationManager - 
Received violation event from: ICTGW_Probe
Raised violation: Unattended event - Rule fired:catchFirstAndCheckSecond


2026-04-10T12:19:19.617+0200 [Thread-7] INFO  it.cnr.isti.labsedc.concern.notification.NotificationManager - 
Received violation event from: ICTGW_Probe
Raised violation: Unattended event - Rule fired:checkStarter


2026-04-10T12:19:19.620+0200 [Thread-7] INFO  it.cnr.isti.labsedc.concern.notification.NotificationManager - 
Received violation event from: ICTGW_Probe
Raised violation: Unattended event - Rule fired:checkStarter


2026-04-10T12:19:19.725+0200 [Thread-7] INFO  it.cnr.isti.labsedc.concern.notification.NotificationManager - 
Received violation event from: ICTGW_Probe
Raised violation: Unattended event - Rule fired:catchFirstAndCheckSecond


2026-04-10T12:19:19.730+0200 [Thread-7] INFO  it.cnr.isti.labsedc.concern.notification.NotificationManager - 
Received violation event from: ICTGW_Probe
Raised violation: Unattended event - Rule fired:checkStarter


2026-04-10T12:19:19.735+0200 [Thread-7] INFO  it.cnr.isti.labsedc.concern.notification.NotificationManager - 
Received violation event from: ICTGW_Probe
Raised violation: Unattended event - Rule fired:checkStarter


2026-04-10T12:19:19.738+0200 [Thread-7] INFO  it.cnr.isti.labsedc.concern.notification.NotificationManager - 
Received violation event from: ICTGW_Probe
Raised violation: Unattended event - Rule fired:catchFirstAndCheckSecond


2026-04-10T12:19:19.847+0200 [Thread-7] INFO  it.cnr.isti.labsedc.concern.notification.NotificationManager - 
Received violation event from: ICTGW_Probe
Raised violation: Unattended event - Rule fired:checkStarter


2026-04-10T12:19:19.850+0200 [Thread-7] INFO  it.cnr.isti.labsedc.concern.notification.NotificationManager - 
Received violation event from: ICTGW_Probe
Raised violation: Unattended event - Rule fired:catchFirstAndCheckSecond


2026-04-10T12:19:19.959+0200 [Thread-7] INFO  it.cnr.isti.labsedc.concern.notification.NotificationManager - 
Received violation event from: ICTGW_Probe
Raised violation: Unattended event - Rule fired:checkForCorrectFourth


2026-04-10T12:19:19.967+0200 [Thread-7] INFO  it.cnr.isti.labsedc.concern.notification.NotificationManager - 
Received violation event from: ICTGW_Probe
Raised violation: Unattended event - Rule fired:checkStarter


2026-04-10T12:19:19.971+0200 [Thread-7] INFO  it.cnr.isti.labsedc.concern.notification.NotificationManager - 
Received violation event from: ICTGW_Probe
Raised violation: Unattended event - Rule fired:catchFirstAndCheckSecond


2026-04-10T12:19:19.974+0200 [Thread-7] INFO  it.cnr.isti.labsedc.concern.notification.NotificationManager - 
Received violation event from: ICTGW_Probe
Raised violation: Unattended event - Rule fired:checkStarter


2026-04-10T12:19:19.978+0200 [Thread-7] INFO  it.cnr.isti.labsedc.concern.notification.NotificationManager - 
Received violation event from: ICTGW_Probe
Raised violation: Unattended event - Rule fired:checkStarter


2026-04-10T12:19:20.081+0200 [Thread-7] INFO  it.cnr.isti.labsedc.concern.notification.NotificationManager - 
Received violation event from: ICTGW_Probe
Raised violation: Unattended event - Rule fired:catchFirstAndCheckSecond


2026-04-10T12:19:20.084+0200 [Thread-7] INFO  it.cnr.isti.labsedc.concern.notification.NotificationManager - 
Received violation event from: ICTGW_Probe
Raised violation: Unattended event - Rule fired:checkStarter


2026-04-10T12:19:20.089+0200 [Thread-7] INFO  it.cnr.isti.labsedc.concern.notification.NotificationManager - 
Received violation event from: ICTGW_Probe
Raised violation: Unattended event - Rule fired:checkStarter


2026-04-10T12:19:20.092+0200 [Thread-7] INFO  it.cnr.isti.labsedc.concern.notification.NotificationManager - 
Received violation event from: ICTGW_Probe
Raised violation: Unattended event - Rule fired:catchFirstAndCheckSecond


2026-04-10T12:19:20.199+0200 [Thread-7] INFO  it.cnr.isti.labsedc.concern.notification.NotificationManager - 
Received violation event from: ICTGW_Probe
Raised violation: Unattended event - Rule fired:catchFirstAndCheckSecond


2026-04-10T12:19:20.202+0200 [Thread-7] INFO  it.cnr.isti.labsedc.concern.notification.NotificationManager - 
Received violation event from: ICTGW_Probe
Raised violation: Unattended event - Rule fired:checkStarter


2026-04-10T12:19:20.207+0200 [Thread-7] INFO  it.cnr.isti.labsedc.concern.notification.NotificationManager - 
Received violation event from: ICTGW_Probe
Raised violation: Unattended event - Rule fired:checkStarter


2026-04-10T12:19:20.211+0200 [Thread-7] INFO  it.cnr.isti.labsedc.concern.notification.NotificationManager - 
Received violation event from: ICTGW_Probe
Raised violation: Unattended event - Rule fired:catchFirstAndCheckSecond


2026-04-10T12:19:20.319+0200 [Thread-7] INFO  it.cnr.isti.labsedc.concern.notification.NotificationManager - 
Received violation event from: ICTGW_Probe
Raised violation: Unattended event - Rule fired:catchFirstAndCheckSecond


2026-04-10T12:19:20.324+0200 [Thread-7] INFO  it.cnr.isti.labsedc.concern.notification.NotificationManager - 
Received violation event from: ICTGW_Probe
Raised violation: Unattended event - Rule fired:catchFirstAndCheckSecond


2026-04-10T12:19:20.327+0200 [Thread-7] INFO  it.cnr.isti.labsedc.concern.notification.NotificationManager - 
Received violation event from: ICTGW_Probe
Raised violation: Unattended event - Rule fired:checkStarter


2026-04-10T12:19:20.330+0200 [Thread-7] INFO  it.cnr.isti.labsedc.concern.notification.NotificationManager - 
Received violation event from: ICTGW_Probe
Raised violation: Unattended event - Rule fired:checkStarter


2026-04-10T12:19:20.436+0200 [Thread-7] INFO  it.cnr.isti.labsedc.concern.notification.NotificationManager - 
Received violation event from: ICTGW_Probe
Raised violation: Unattended event - Rule fired:catchFirstAndCheckSecond


2026-04-10T12:19:20.440+0200 [Thread-7] INFO  it.cnr.isti.labsedc.concern.notification.NotificationManager - 
Received violation event from: ICTGW_Probe
Raised violation: Unattended event - Rule fired:checkStarter


2026-04-10T12:19:20.445+0200 [Thread-7] INFO  it.cnr.isti.labsedc.concern.notification.NotificationManager - 
Received violation event from: ICTGW_Probe
Raised violation: Unattended event - Rule fired:checkStarter


2026-04-10T12:19:20.448+0200 [Thread-7] INFO  it.cnr.isti.labsedc.concern.notification.NotificationManager - 
Received violation event from: ICTGW_Probe
Raised violation: Unattended event - Rule fired:catchFirstAndCheckSecond


2026-04-10T12:19:20.557+0200 [Thread-7] INFO  it.cnr.isti.labsedc.concern.notification.NotificationManager - 
Received violation event from: ICTGW_Probe
Raised violation: Unattended event - Rule fired:catchFirstAndCheckSecond


2026-04-10T12:19:20.561+0200 [Thread-7] INFO  it.cnr.isti.labsedc.concern.notification.NotificationManager - 
Received violation event from: ICTGW_Probe
Raised violation: Unattended event - Rule fired:catchFirstAndCheckSecond


2026-04-10T12:19:20.564+0200 [Thread-7] INFO  it.cnr.isti.labsedc.concern.notification.NotificationManager - 
Received violation event from: ICTGW_Probe
Raised violation: Unattended event - Rule fired:checkStarter


2026-04-10T12:19:20.568+0200 [Thread-7] INFO  it.cnr.isti.labsedc.concern.notification.NotificationManager - 
Received violation event from: ICTGW_Probe
Raised violation: Unattended event - Rule fired:checkStarter


2026-04-10T12:19:20.676+0200 [Thread-7] INFO  it.cnr.isti.labsedc.concern.notification.NotificationManager - 
Received violation event from: ICTGW_Probe
Raised violation: Unattended event - Rule fired:catchFirstAndCheckSecond


2026-04-10T12:19:20.680+0200 [Thread-7] INFO  it.cnr.isti.labsedc.concern.notification.NotificationManager - 
Received violation event from: ICTGW_Probe
Raised violation: Unattended event - Rule fired:catchFirstAndCheckSecond


2026-04-10T12:19:20.683+0200 [Thread-7] INFO  it.cnr.isti.labsedc.concern.notification.NotificationManager - 
Received violation event from: ICTGW_Probe
Raised violation: Unattended event - Rule fired:checkStarter


2026-04-10T12:19:20.687+0200 [Thread-7] INFO  it.cnr.isti.labsedc.concern.notification.NotificationManager - 
Received violation event from: ICTGW_Probe
Raised violation: Unattended event - Rule fired:checkStarter


2026-04-10T12:19:20.792+0200 [Thread-7] INFO  it.cnr.isti.labsedc.concern.notification.NotificationManager - 
Received violation event from: ICTGW_Probe
Raised violation: Unattended event - Rule fired:catchFirstAndCheckSecond


2026-04-10T12:19:20.797+0200 [Thread-7] INFO  it.cnr.isti.labsedc.concern.notification.NotificationManager - 
Received violation event from: ICTGW_Probe
Raised violation: Unattended event - Rule fired:checkStarter


2026-04-10T12:19:20.802+0200 [Thread-7] INFO  it.cnr.isti.labsedc.concern.notification.NotificationManager - 
Received violation event from: ICTGW_Probe
Raised violation: Unattended event - Rule fired:checkStarter


2026-04-10T12:19:20.806+0200 [Thread-7] INFO  it.cnr.isti.labsedc.concern.notification.NotificationManager - 
Received violation event from: ICTGW_Probe
Raised violation: Unattended event - Rule fired:catchFirstAndCheckSecond


2026-04-10T12:19:20.912+0200 [Thread-7] INFO  it.cnr.isti.labsedc.concern.notification.NotificationManager - 
Received violation event from: ICTGW_Probe
Raised violation: Unattended event - Rule fired:catchFirstAndCheckSecond


2026-04-10T12:19:20.917+0200 [Thread-7] INFO  it.cnr.isti.labsedc.concern.notification.NotificationManager - 
Received violation event from: ICTGW_Probe
Raised violation: Unattended event - Rule fired:catchFirstAndCheckSecond


2026-04-10T12:19:20.920+0200 [Thread-7] INFO  it.cnr.isti.labsedc.concern.notification.NotificationManager - 
Received violation event from: ICTGW_Probe
Raised violation: Unattended event - Rule fired:checkStarter


2026-04-10T12:19:20.923+0200 [Thread-7] INFO  it.cnr.isti.labsedc.concern.notification.NotificationManager - 
Received violation event from: ICTGW_Probe
Raised violation: Unattended event - Rule fired:checkStarter


2026-04-10T12:19:21.028+0200 [Thread-7] INFO  it.cnr.isti.labsedc.concern.notification.NotificationManager - 
Received violation event from: ICTGW_Probe
Raised violation: Unattended event - Rule fired:catchFirstAndCheckSecond


2026-04-10T12:19:21.032+0200 [Thread-7] INFO  it.cnr.isti.labsedc.concern.notification.NotificationManager - 
Received violation event from: ICTGW_Probe
Raised violation: Unattended event - Rule fired:checkStarter


2026-04-10T12:19:21.144+0200 [Thread-7] INFO  it.cnr.isti.labsedc.concern.notification.NotificationManager - 
Received violation event from: ICTGW_Probe
Raised violation: Unattended event - Rule fired:checkForCorrectFourth


2026-04-10T12:19:21.152+0200 [Thread-7] INFO  it.cnr.isti.labsedc.concern.notification.NotificationManager - 
Received violation event from: ICTGW_Probe
Raised violation: Unattended event - Rule fired:checkStarter


2026-04-10T12:19:21.156+0200 [Thread-7] INFO  it.cnr.isti.labsedc.concern.notification.NotificationManager - 
Received violation event from: ICTGW_Probe
Raised violation: Unattended event - Rule fired:catchFirstAndCheckSecond


2026-04-10T12:19:21.159+0200 [Thread-7] INFO  it.cnr.isti.labsedc.concern.notification.NotificationManager - 
Received violation event from: ICTGW_Probe
Raised violation: Unattended event - Rule fired:checkStarter


2026-04-10T12:19:21.162+0200 [Thread-7] INFO  it.cnr.isti.labsedc.concern.notification.NotificationManager - 
Received violation event from: ICTGW_Probe
Raised violation: Unattended event - Rule fired:checkStarter


2026-04-10T12:19:21.266+0200 [Thread-7] INFO  it.cnr.isti.labsedc.concern.notification.NotificationManager - 
Received violation event from: ICTGW_Probe
Raised violation: Unattended event - Rule fired:catchFirstAndCheckSecond


2026-04-10T12:19:21.270+0200 [Thread-7] INFO  it.cnr.isti.labsedc.concern.notification.NotificationManager - 
Received violation event from: ICTGW_Probe
Raised violation: Unattended event - Rule fired:checkStarter


2026-04-10T12:19:21.382+0200 [Thread-7] INFO  it.cnr.isti.labsedc.concern.notification.NotificationManager - 
Received violation event from: ICTGW_Probe
Raised violation: Unattended event - Rule fired:checkForCorrectFourth


2026-04-10T12:19:21.388+0200 [Thread-7] INFO  it.cnr.isti.labsedc.concern.notification.NotificationManager - 
Received violation event from: ICTGW_Probe
Raised violation: Unattended event - Rule fired:catchFirstAndCheckSecond


2026-04-10T12:19:21.394+0200 [Thread-7] INFO  it.cnr.isti.labsedc.concern.notification.NotificationManager - 
Received violation event from: ICTGW_Probe
Raised violation: Unattended event - Rule fired:checkStarter


2026-04-10T12:19:21.397+0200 [Thread-7] INFO  it.cnr.isti.labsedc.concern.notification.NotificationManager - 
Received violation event from: ICTGW_Probe
Raised violation: Unattended event - Rule fired:catchFirstAndCheckSecond


2026-04-10T12:19:21.504+0200 [Thread-7] INFO  it.cnr.isti.labsedc.concern.notification.NotificationManager - 
Received violation event from: ICTGW_Probe
Raised violation: Unattended event - Rule fired:checkStarter


2026-04-10T12:19:21.508+0200 [Thread-7] INFO  it.cnr.isti.labsedc.concern.notification.NotificationManager - 
Received violation event from: ICTGW_Probe
Raised violation: Unattended event - Rule fired:catchFirstAndCheckSecond


2026-04-10T12:19:21.616+0200 [Thread-7] INFO  it.cnr.isti.labsedc.concern.notification.NotificationManager - 
Received violation event from: ICTGW_Probe
Raised violation: Unattended event - Rule fired:checkForCorrectFourth


2026-04-10T12:19:21.623+0200 [Thread-7] INFO  it.cnr.isti.labsedc.concern.notification.NotificationManager - 
Received violation event from: ICTGW_Probe
Raised violation: Unattended event - Rule fired:catchFirstAndCheckSecond


2026-04-10T12:19:21.628+0200 [Thread-7] INFO  it.cnr.isti.labsedc.concern.notification.NotificationManager - 
Received violation event from: ICTGW_Probe
Raised violation: Unattended event - Rule fired:checkStarter


2026-04-10T12:19:21.631+0200 [Thread-7] INFO  it.cnr.isti.labsedc.concern.notification.NotificationManager - 
Received violation event from: ICTGW_Probe
Raised violation: Unattended event - Rule fired:catchFirstAndCheckSecond


2026-04-10T12:19:21.739+0200 [Thread-7] INFO  it.cnr.isti.labsedc.concern.notification.NotificationManager - 
Received violation event from: ICTGW_Probe
Raised violation: Unattended event - Rule fired:checkStarter


2026-04-10T12:19:21.743+0200 [Thread-7] INFO  it.cnr.isti.labsedc.concern.notification.NotificationManager - 
Received violation event from: ICTGW_Probe
Raised violation: Unattended event - Rule fired:catchFirstAndCheckSecond


2026-04-10T12:19:21.852+0200 [Thread-7] INFO  it.cnr.isti.labsedc.concern.notification.NotificationManager - 
Received violation event from: ICTGW_Probe
Raised violation: Unattended event - Rule fired:checkForCorrectFourth


2026-04-10T12:19:21.859+0200 [Thread-7] INFO  it.cnr.isti.labsedc.concern.notification.NotificationManager - 
Received violation event from: ICTGW_Probe
Raised violation: Unattended event - Rule fired:checkStarter


2026-04-10T12:19:21.862+0200 [Thread-7] INFO  it.cnr.isti.labsedc.concern.notification.NotificationManager - 
Received violation event from: ICTGW_Probe
Raised violation: Unattended event - Rule fired:catchFirstAndCheckSecond


2026-04-10T12:19:21.866+0200 [Thread-7] INFO  it.cnr.isti.labsedc.concern.notification.NotificationManager - 
Received violation event from: ICTGW_Probe
Raised violation: Unattended event - Rule fired:checkStarter


2026-04-10T12:19:21.868+0200 [Thread-7] INFO  it.cnr.isti.labsedc.concern.notification.NotificationManager - 
Received violation event from: ICTGW_Probe
Raised violation: Unattended event - Rule fired:checkStarter


2026-04-10T12:19:21.977+0200 [Thread-7] INFO  it.cnr.isti.labsedc.concern.notification.NotificationManager - 
Received violation event from: ICTGW_Probe
Raised violation: Unattended event - Rule fired:catchFirstAndCheckSecond


2026-04-10T12:19:21.981+0200 [Thread-7] INFO  it.cnr.isti.labsedc.concern.notification.NotificationManager - 
Received violation event from: ICTGW_Probe
Raised violation: Unattended event - Rule fired:checkStarter


2026-04-10T12:19:21.986+0200 [Thread-7] INFO  it.cnr.isti.labsedc.concern.notification.NotificationManager - 
Received violation event from: ICTGW_Probe
Raised violation: Unattended event - Rule fired:checkStarter


2026-04-10T12:19:21.989+0200 [Thread-7] INFO  it.cnr.isti.labsedc.concern.notification.NotificationManager - 
Received violation event from: ICTGW_Probe
Raised violation: Unattended event - Rule fired:catchFirstAndCheckSecond


2026-04-10T12:19:22.098+0200 [Thread-7] INFO  it.cnr.isti.labsedc.concern.notification.NotificationManager - 
Received violation event from: ICTGW_Probe
Raised violation: Unattended event - Rule fired:checkStarter


2026-04-10T12:19:22.102+0200 [Thread-7] INFO  it.cnr.isti.labsedc.concern.notification.NotificationManager - 
Received violation event from: ICTGW_Probe
Raised violation: Unattended event - Rule fired:catchFirstAndCheckSecond


2026-04-10T12:19:22.210+0200 [Thread-7] INFO  it.cnr.isti.labsedc.concern.notification.NotificationManager - 
Received violation event from: ICTGW_Probe
Raised violation: Unattended event - Rule fired:checkForCorrectFourth


2026-04-10T12:19:22.216+0200 [Thread-7] INFO  it.cnr.isti.labsedc.concern.notification.NotificationManager - 
Received violation event from: ICTGW_Probe
Raised violation: Unattended event - Rule fired:catchFirstAndCheckSecond


2026-04-10T12:19:22.221+0200 [Thread-7] INFO  it.cnr.isti.labsedc.concern.notification.NotificationManager - 
Received violation event from: ICTGW_Probe
Raised violation: Unattended event - Rule fired:checkStarter


2026-04-10T12:19:22.224+0200 [Thread-7] INFO  it.cnr.isti.labsedc.concern.notification.NotificationManager - 
Received violation event from: ICTGW_Probe
Raised violation: Unattended event - Rule fired:catchFirstAndCheckSecond


2026-04-10T12:19:22.330+0200 [Thread-7] INFO  it.cnr.isti.labsedc.concern.notification.NotificationManager - 
Received violation event from: ICTGW_Probe
Raised violation: Unattended event - Rule fired:catchFirstAndCheckSecond


2026-04-10T12:19:22.334+0200 [Thread-7] INFO  it.cnr.isti.labsedc.concern.notification.NotificationManager - 
Received violation event from: ICTGW_Probe
Raised violation: Unattended event - Rule fired:checkStarter


2026-04-10T12:19:22.338+0200 [Thread-7] INFO  it.cnr.isti.labsedc.concern.notification.NotificationManager - 
Received violation event from: ICTGW_Probe
Raised violation: Unattended event - Rule fired:checkStarter


2026-04-10T12:19:22.342+0200 [Thread-7] INFO  it.cnr.isti.labsedc.concern.notification.NotificationManager - 
Received violation event from: ICTGW_Probe
Raised violation: Unattended event - Rule fired:catchFirstAndCheckSecond


2026-04-10T12:19:22.448+0200 [Thread-7] INFO  it.cnr.isti.labsedc.concern.notification.NotificationManager - 
Received violation event from: ICTGW_Probe
Raised violation: Unattended event - Rule fired:catchFirstAndCheckSecond


2026-04-10T12:19:22.452+0200 [Thread-7] INFO  it.cnr.isti.labsedc.concern.notification.NotificationManager - 
Received violation event from: ICTGW_Probe
Raised violation: Unattended event - Rule fired:checkStarter


2026-04-10T12:19:22.456+0200 [Thread-7] INFO  it.cnr.isti.labsedc.concern.notification.NotificationManager - 
Received violation event from: ICTGW_Probe
Raised violation: Unattended event - Rule fired:checkStarter


2026-04-10T12:19:22.460+0200 [Thread-7] INFO  it.cnr.isti.labsedc.concern.notification.NotificationManager - 
Received violation event from: ICTGW_Probe
Raised violation: Unattended event - Rule fired:catchFirstAndCheckSecond


2026-04-10T12:19:22.568+0200 [Thread-7] INFO  it.cnr.isti.labsedc.concern.notification.NotificationManager - 
Received violation event from: ICTGW_Probe
Raised violation: Unattended event - Rule fired:catchFirstAndCheckSecond


2026-04-10T12:19:22.572+0200 [Thread-7] INFO  it.cnr.isti.labsedc.concern.notification.NotificationManager - 
Received violation event from: ICTGW_Probe
Raised violation: Unattended event - Rule fired:checkStarter


2026-04-10T12:19:22.578+0200 [Thread-7] INFO  it.cnr.isti.labsedc.concern.notification.NotificationManager - 
Received violation event from: ICTGW_Probe
Raised violation: Unattended event - Rule fired:checkStarter


2026-04-10T12:19:22.581+0200 [Thread-7] INFO  it.cnr.isti.labsedc.concern.notification.NotificationManager - 
Received violation event from: ICTGW_Probe
Raised violation: Unattended event - Rule fired:catchFirstAndCheckSecond


2026-04-10T12:19:22.687+0200 [Thread-7] INFO  it.cnr.isti.labsedc.concern.notification.NotificationManager - 
Received violation event from: ICTGW_Probe
Raised violation: Unattended event - Rule fired:catchFirstAndCheckSecond


2026-04-10T12:19:22.691+0200 [Thread-7] INFO  it.cnr.isti.labsedc.concern.notification.NotificationManager - 
Received violation event from: ICTGW_Probe
Raised violation: Unattended event - Rule fired:checkStarter


2026-04-10T12:19:22.696+0200 [Thread-7] INFO  it.cnr.isti.labsedc.concern.notification.NotificationManager - 
Received violation event from: ICTGW_Probe
Raised violation: Unattended event - Rule fired:checkStarter


2026-04-10T12:19:22.699+0200 [Thread-7] INFO  it.cnr.isti.labsedc.concern.notification.NotificationManager - 
Received violation event from: ICTGW_Probe
Raised violation: Unattended event - Rule fired:catchFirstAndCheckSecond


2026-04-10T12:19:22.805+0200 [Thread-7] INFO  it.cnr.isti.labsedc.concern.notification.NotificationManager - 
Received violation event from: ICTGW_Probe
Raised violation: Unattended event - Rule fired:catchFirstAndCheckSecond


2026-04-10T12:19:22.809+0200 [Thread-7] INFO  it.cnr.isti.labsedc.concern.notification.NotificationManager - 
Received violation event from: ICTGW_Probe
Raised violation: Unattended event - Rule fired:checkStarter


2026-04-10T12:19:22.814+0200 [Thread-7] INFO  it.cnr.isti.labsedc.concern.notification.NotificationManager - 
Received violation event from: ICTGW_Probe
Raised violation: Unattended event - Rule fired:checkStarter


2026-04-10T12:19:22.817+0200 [Thread-7] INFO  it.cnr.isti.labsedc.concern.notification.NotificationManager - 
Received violation event from: ICTGW_Probe
Raised violation: Unattended event - Rule fired:catchFirstAndCheckSecond


2026-04-10T12:19:22.922+0200 [Thread-7] INFO  it.cnr.isti.labsedc.concern.notification.NotificationManager - 
Received violation event from: ICTGW_Probe
Raised violation: Unattended event - Rule fired:catchFirstAndCheckSecond


2026-04-10T12:19:22.926+0200 [Thread-7] INFO  it.cnr.isti.labsedc.concern.notification.NotificationManager - 
Received violation event from: ICTGW_Probe
Raised violation: Unattended event - Rule fired:checkStarter


2026-04-10T12:19:23.037+0200 [Thread-7] INFO  it.cnr.isti.labsedc.concern.notification.NotificationManager - 
Received violation event from: ICTGW_Probe
Raised violation: Unattended event - Rule fired:checkForCorrectFourth


2026-04-10T12:19:23.044+0200 [Thread-7] INFO  it.cnr.isti.labsedc.concern.notification.NotificationManager - 
Received violation event from: ICTGW_Probe
Raised violation: Unattended event - Rule fired:checkStarter


2026-04-10T12:19:23.048+0200 [Thread-7] INFO  it.cnr.isti.labsedc.concern.notification.NotificationManager - 
Received violation event from: ICTGW_Probe
Raised violation: Unattended event - Rule fired:catchFirstAndCheckSecond


2026-04-10T12:19:23.051+0200 [Thread-7] INFO  it.cnr.isti.labsedc.concern.notification.NotificationManager - 
Received violation event from: ICTGW_Probe
Raised violation: Unattended event - Rule fired:checkStarter


2026-04-10T12:19:23.053+0200 [Thread-7] INFO  it.cnr.isti.labsedc.concern.notification.NotificationManager - 
Received violation event from: ICTGW_Probe
Raised violation: Unattended event - Rule fired:checkStarter


2026-04-10T12:19:23.159+0200 [Thread-7] INFO  it.cnr.isti.labsedc.concern.notification.NotificationManager - 
Received violation event from: ICTGW_Probe
Raised violation: Unattended event - Rule fired:catchFirstAndCheckSecond


2026-04-10T12:19:23.163+0200 [Thread-7] INFO  it.cnr.isti.labsedc.concern.notification.NotificationManager - 
Received violation event from: ICTGW_Probe
Raised violation: Unattended event - Rule fired:checkStarter


2026-04-10T12:19:23.167+0200 [Thread-7] INFO  it.cnr.isti.labsedc.concern.notification.NotificationManager - 
Received violation event from: ICTGW_Probe
Raised violation: Unattended event - Rule fired:checkStarter


2026-04-10T12:19:23.170+0200 [Thread-7] INFO  it.cnr.isti.labsedc.concern.notification.NotificationManager - 
Received violation event from: ICTGW_Probe
Raised violation: Unattended event - Rule fired:catchFirstAndCheckSecond


2026-04-10T12:19:23.279+0200 [Thread-7] INFO  it.cnr.isti.labsedc.concern.notification.NotificationManager - 
Received violation event from: ICTGW_Probe
Raised violation: Unattended event - Rule fired:checkStarter


2026-04-10T12:19:23.282+0200 [Thread-7] INFO  it.cnr.isti.labsedc.concern.notification.NotificationManager - 
Received violation event from: ICTGW_Probe
Raised violation: Unattended event - Rule fired:catchFirstAndCheckSecond


2026-04-10T12:19:23.391+0200 [Thread-7] INFO  it.cnr.isti.labsedc.concern.notification.NotificationManager - 
Received violation event from: ICTGW_Probe
Raised violation: Unattended event - Rule fired:checkForCorrectFourth


2026-04-10T12:19:23.407+0200 [Thread-7] INFO  it.cnr.isti.labsedc.concern.notification.NotificationManager - 
Received violation event from: ICTGW_Probe
Raised violation: Unattended event - Rule fired:checkStarter


2026-04-10T12:19:23.410+0200 [Thread-7] INFO  it.cnr.isti.labsedc.concern.notification.NotificationManager - 
Received violation event from: ICTGW_Probe
Raised violation: Unattended event - Rule fired:catchFirstAndCheckSecond


2026-04-10T12:19:23.414+0200 [Thread-7] INFO  it.cnr.isti.labsedc.concern.notification.NotificationManager - 
Received violation event from: ICTGW_Probe
Raised violation: Unattended event - Rule fired:checkStarter


2026-04-10T12:19:23.417+0200 [Thread-7] INFO  it.cnr.isti.labsedc.concern.notification.NotificationManager - 
Received violation event from: ICTGW_Probe
Raised violation: Unattended event - Rule fired:checkStarter


2026-04-10T12:19:23.511+0200 [Thread-7] INFO  it.cnr.isti.labsedc.concern.notification.NotificationManager - 
Received violation event from: ICTGW_Probe
Raised violation: Unattended event - Rule fired:catchFirstAndCheckSecond


2026-04-10T12:19:23.515+0200 [Thread-7] INFO  it.cnr.isti.labsedc.concern.notification.NotificationManager - 
Received violation event from: ICTGW_Probe
Raised violation: Unattended event - Rule fired:checkStarter


2026-04-10T12:19:23.519+0200 [Thread-7] INFO  it.cnr.isti.labsedc.concern.notification.NotificationManager - 
Received violation event from: ICTGW_Probe
Raised violation: Unattended event - Rule fired:checkStarter


2026-04-10T12:19:23.522+0200 [Thread-7] INFO  it.cnr.isti.labsedc.concern.notification.NotificationManager - 
Received violation event from: ICTGW_Probe
Raised violation: Unattended event - Rule fired:catchFirstAndCheckSecond


2026-04-10T12:19:23.629+0200 [Thread-7] INFO  it.cnr.isti.labsedc.concern.notification.NotificationManager - 
Received violation event from: ICTGW_Probe
Raised violation: Unattended event - Rule fired:catchFirstAndCheckSecond


2026-04-10T12:19:23.633+0200 [Thread-7] INFO  it.cnr.isti.labsedc.concern.notification.NotificationManager - 
Received violation event from: ICTGW_Probe
Raised violation: Unattended event - Rule fired:checkStarter


2026-04-10T12:19:23.638+0200 [Thread-7] INFO  it.cnr.isti.labsedc.concern.notification.NotificationManager - 
Received violation event from: ICTGW_Probe
Raised violation: Unattended event - Rule fired:checkStarter


2026-04-10T12:19:23.641+0200 [Thread-7] INFO  it.cnr.isti.labsedc.concern.notification.NotificationManager - 
Received violation event from: ICTGW_Probe
Raised violation: Unattended event - Rule fired:catchFirstAndCheckSecond


2026-04-10T12:19:23.757+0200 [Thread-7] INFO  it.cnr.isti.labsedc.concern.notification.NotificationManager - 
Received violation event from: ICTGW_Probe
Raised violation: Unattended event - Rule fired:catchFirstAndCheckSecond


2026-04-10T12:19:23.777+0200 [Thread-7] INFO  it.cnr.isti.labsedc.concern.notification.NotificationManager - 
Received violation event from: ICTGW_Probe
Raised violation: Unattended event - Rule fired:catchFirstAndCheckSecond


2026-04-10T12:19:23.783+0200 [Thread-7] INFO  it.cnr.isti.labsedc.concern.notification.NotificationManager - 
Received violation event from: ICTGW_Probe
Raised violation: Unattended event - Rule fired:checkStarter


2026-04-10T12:19:23.792+0200 [Thread-7] INFO  it.cnr.isti.labsedc.concern.notification.NotificationManager - 
Received violation event from: ICTGW_Probe
Raised violation: Unattended event - Rule fired:checkStarter


2026-04-10T12:19:23.867+0200 [Thread-7] INFO  it.cnr.isti.labsedc.concern.notification.NotificationManager - 
Received violation event from: ICTGW_Probe
Raised violation: Unattended event - Rule fired:catchFirstAndCheckSecond


2026-04-10T12:19:23.871+0200 [Thread-7] INFO  it.cnr.isti.labsedc.concern.notification.NotificationManager - 
Received violation event from: ICTGW_Probe
Raised violation: Unattended event - Rule fired:checkStarter


2026-04-10T12:19:23.876+0200 [Thread-7] INFO  it.cnr.isti.labsedc.concern.notification.NotificationManager - 
Received violation event from: ICTGW_Probe
Raised violation: Unattended event - Rule fired:checkStarter


2026-04-10T12:19:23.879+0200 [Thread-7] INFO  it.cnr.isti.labsedc.concern.notification.NotificationManager - 
Received violation event from: ICTGW_Probe
Raised violation: Unattended event - Rule fired:catchFirstAndCheckSecond


2026-04-10T12:19:23.985+0200 [Thread-7] INFO  it.cnr.isti.labsedc.concern.notification.NotificationManager - 
Received violation event from: ICTGW_Probe
Raised violation: Unattended event - Rule fired:catchFirstAndCheckSecond


2026-04-10T12:19:23.988+0200 [Thread-7] INFO  it.cnr.isti.labsedc.concern.notification.NotificationManager - 
Received violation event from: ICTGW_Probe
Raised violation: Unattended event - Rule fired:checkStarter


2026-04-10T12:19:23.994+0200 [Thread-7] INFO  it.cnr.isti.labsedc.concern.notification.NotificationManager - 
Received violation event from: ICTGW_Probe
Raised violation: Unattended event - Rule fired:checkStarter


2026-04-10T12:19:23.997+0200 [Thread-7] INFO  it.cnr.isti.labsedc.concern.notification.NotificationManager - 
Received violation event from: ICTGW_Probe
Raised violation: Unattended event - Rule fired:catchFirstAndCheckSecond


2026-04-10T12:19:24.104+0200 [Thread-7] INFO  it.cnr.isti.labsedc.concern.notification.NotificationManager - 
Received violation event from: ICTGW_Probe
Raised violation: Unattended event - Rule fired:checkStarter


2026-04-10T12:19:24.108+0200 [Thread-7] INFO  it.cnr.isti.labsedc.concern.notification.NotificationManager - 
Received violation event from: ICTGW_Probe
Raised violation: Unattended event - Rule fired:catchFirstAndCheckSecond


2026-04-10T12:19:24.217+0200 [Thread-7] INFO  it.cnr.isti.labsedc.concern.notification.NotificationManager - 
Received violation event from: ICTGW_Probe
Raised violation: Unattended event - Rule fired:checkForCorrectFourth


2026-04-10T12:19:24.223+0200 [Thread-7] INFO  it.cnr.isti.labsedc.concern.notification.NotificationManager - 
Received violation event from: ICTGW_Probe
Raised violation: Unattended event - Rule fired:checkStarter


2026-04-10T12:19:24.226+0200 [Thread-7] INFO  it.cnr.isti.labsedc.concern.notification.NotificationManager - 
Received violation event from: ICTGW_Probe
Raised violation: Unattended event - Rule fired:catchFirstAndCheckSecond


2026-04-10T12:19:24.229+0200 [Thread-7] INFO  it.cnr.isti.labsedc.concern.notification.NotificationManager - 
Received violation event from: ICTGW_Probe
Raised violation: Unattended event - Rule fired:checkStarter


2026-04-10T12:19:24.232+0200 [Thread-7] INFO  it.cnr.isti.labsedc.concern.notification.NotificationManager - 
Received violation event from: ICTGW_Probe
Raised violation: Unattended event - Rule fired:checkStarter


2026-04-10T12:19:24.337+0200 [Thread-7] INFO  it.cnr.isti.labsedc.concern.notification.NotificationManager - 
Received violation event from: ICTGW_Probe
Raised violation: Unattended event - Rule fired:catchFirstAndCheckSecond


2026-04-10T12:19:24.341+0200 [Thread-7] INFO  it.cnr.isti.labsedc.concern.notification.NotificationManager - 
Received violation event from: ICTGW_Probe
Raised violation: Unattended event - Rule fired:checkStarter


2026-04-10T12:19:24.346+0200 [Thread-7] INFO  it.cnr.isti.labsedc.concern.notification.NotificationManager - 
Received violation event from: ICTGW_Probe
Raised violation: Unattended event - Rule fired:checkStarter


2026-04-10T12:19:24.350+0200 [Thread-7] INFO  it.cnr.isti.labsedc.concern.notification.NotificationManager - 
Received violation event from: ICTGW_Probe
Raised violation: Unattended event - Rule fired:catchFirstAndCheckSecond


2026-04-10T12:19:24.455+0200 [Thread-7] INFO  it.cnr.isti.labsedc.concern.notification.NotificationManager - 
Received violation event from: ICTGW_Probe
Raised violation: Unattended event - Rule fired:catchFirstAndCheckSecond


2026-04-10T12:19:24.458+0200 [Thread-7] INFO  it.cnr.isti.labsedc.concern.notification.NotificationManager - 
Received violation event from: ICTGW_Probe
Raised violation: Unattended event - Rule fired:checkStarter


2026-04-10T12:19:24.465+0200 [Thread-7] INFO  it.cnr.isti.labsedc.concern.notification.NotificationManager - 
Received violation event from: ICTGW_Probe
Raised violation: Unattended event - Rule fired:checkStarter


2026-04-10T12:19:24.468+0200 [Thread-7] INFO  it.cnr.isti.labsedc.concern.notification.NotificationManager - 
Received violation event from: ICTGW_Probe
Raised violation: Unattended event - Rule fired:catchFirstAndCheckSecond


2026-04-10T12:19:24.574+0200 [Thread-7] INFO  it.cnr.isti.labsedc.concern.notification.NotificationManager - 
Received violation event from: ICTGW_Probe
Raised violation: Unattended event - Rule fired:catchFirstAndCheckSecond


2026-04-10T12:19:24.579+0200 [Thread-7] INFO  it.cnr.isti.labsedc.concern.notification.NotificationManager - 
Received violation event from: ICTGW_Probe
Raised violation: Unattended event - Rule fired:catchFirstAndCheckSecond


2026-04-10T12:19:24.582+0200 [Thread-7] INFO  it.cnr.isti.labsedc.concern.notification.NotificationManager - 
Received violation event from: ICTGW_Probe
Raised violation: Unattended event - Rule fired:checkStarter


2026-04-10T12:19:24.585+0200 [Thread-7] INFO  it.cnr.isti.labsedc.concern.notification.NotificationManager - 
Received violation event from: ICTGW_Probe
Raised violation: Unattended event - Rule fired:checkStarter


2026-04-10T12:19:24.694+0200 [Thread-7] INFO  it.cnr.isti.labsedc.concern.notification.NotificationManager - 
Received violation event from: ICTGW_Probe
Raised violation: Unattended event - Rule fired:checkStarter


2026-04-10T12:19:24.698+0200 [Thread-7] INFO  it.cnr.isti.labsedc.concern.notification.NotificationManager - 
Received violation event from: ICTGW_Probe
Raised violation: Unattended event - Rule fired:catchFirstAndCheckSecond


2026-04-10T12:19:24.807+0200 [Thread-7] INFO  it.cnr.isti.labsedc.concern.notification.NotificationManager - 
Received violation event from: ICTGW_Probe
Raised violation: Unattended event - Rule fired:checkForCorrectFourth


2026-04-10T12:19:24.814+0200 [Thread-7] INFO  it.cnr.isti.labsedc.concern.notification.NotificationManager - 
Received violation event from: ICTGW_Probe
Raised violation: Unattended event - Rule fired:checkStarter


2026-04-10T12:19:24.818+0200 [Thread-7] INFO  it.cnr.isti.labsedc.concern.notification.NotificationManager - 
Received violation event from: ICTGW_Probe
Raised violation: Unattended event - Rule fired:catchFirstAndCheckSecond


2026-04-10T12:19:24.821+0200 [Thread-7] INFO  it.cnr.isti.labsedc.concern.notification.NotificationManager - 
Received violation event from: ICTGW_Probe
Raised violation: Unattended event - Rule fired:checkStarter


2026-04-10T12:19:24.824+0200 [Thread-7] INFO  it.cnr.isti.labsedc.concern.notification.NotificationManager - 
Received violation event from: ICTGW_Probe
Raised violation: Unattended event - Rule fired:checkStarter


2026-04-10T12:19:24.929+0200 [Thread-7] INFO  it.cnr.isti.labsedc.concern.notification.NotificationManager - 
Received violation event from: ICTGW_Probe
Raised violation: Unattended event - Rule fired:catchFirstAndCheckSecond


2026-04-10T12:19:24.932+0200 [Thread-7] INFO  it.cnr.isti.labsedc.concern.notification.NotificationManager - 
Received violation event from: ICTGW_Probe
Raised violation: Unattended event - Rule fired:catchFirstAndCheckSecond


2026-04-10T12:19:24.935+0200 [Thread-7] INFO  it.cnr.isti.labsedc.concern.notification.NotificationManager - 
Received violation event from: ICTGW_Probe
Raised violation: Unattended event - Rule fired:checkStarter


2026-04-10T12:19:24.939+0200 [Thread-7] INFO  it.cnr.isti.labsedc.concern.notification.NotificationManager - 
Received violation event from: ICTGW_Probe
Raised violation: Unattended event - Rule fired:checkStarter


2026-04-10T12:19:25.045+0200 [Thread-7] INFO  it.cnr.isti.labsedc.concern.notification.NotificationManager - 
Received violation event from: ICTGW_Probe
Raised violation: Unattended event - Rule fired:catchFirstAndCheckSecond


2026-04-10T12:19:25.048+0200 [Thread-7] INFO  it.cnr.isti.labsedc.concern.notification.NotificationManager - 
Received violation event from: ICTGW_Probe
Raised violation: Unattended event - Rule fired:checkStarter


2026-04-10T12:19:25.054+0200 [Thread-7] INFO  it.cnr.isti.labsedc.concern.notification.NotificationManager - 
Received violation event from: ICTGW_Probe
Raised violation: Unattended event - Rule fired:checkStarter


2026-04-10T12:19:25.057+0200 [Thread-7] INFO  it.cnr.isti.labsedc.concern.notification.NotificationManager - 
Received violation event from: ICTGW_Probe
Raised violation: Unattended event - Rule fired:catchFirstAndCheckSecond


2026-04-10T12:19:25.163+0200 [Thread-7] INFO  it.cnr.isti.labsedc.concern.notification.NotificationManager - 
Received violation event from: ICTGW_Probe
Raised violation: Unattended event - Rule fired:catchFirstAndCheckSecond


2026-04-10T12:19:25.167+0200 [Thread-7] INFO  it.cnr.isti.labsedc.concern.notification.NotificationManager - 
Received violation event from: ICTGW_Probe
Raised violation: Unattended event - Rule fired:checkStarter


2026-04-10T12:19:25.278+0200 [Thread-7] INFO  it.cnr.isti.labsedc.concern.notification.NotificationManager - 
Received violation event from: ICTGW_Probe
Raised violation: Unattended event - Rule fired:checkForCorrectFourth


2026-04-10T12:19:25.286+0200 [Thread-7] INFO  it.cnr.isti.labsedc.concern.notification.NotificationManager - 
Received violation event from: ICTGW_Probe
Raised violation: Unattended event - Rule fired:checkStarter


2026-04-10T12:19:25.290+0200 [Thread-7] INFO  it.cnr.isti.labsedc.concern.notification.NotificationManager - 
Received violation event from: ICTGW_Probe
Raised violation: Unattended event - Rule fired:catchFirstAndCheckSecond


2026-04-10T12:19:25.292+0200 [Thread-7] INFO  it.cnr.isti.labsedc.concern.notification.NotificationManager - 
Received violation event from: ICTGW_Probe
Raised violation: Unattended event - Rule fired:checkStarter


2026-04-10T12:19:25.295+0200 [Thread-7] INFO  it.cnr.isti.labsedc.concern.notification.NotificationManager - 
Received violation event from: ICTGW_Probe
Raised violation: Unattended event - Rule fired:checkStarter


2026-04-10T12:19:25.399+0200 [Thread-7] INFO  it.cnr.isti.labsedc.concern.notification.NotificationManager - 
Received violation event from: ICTGW_Probe
Raised violation: Unattended event - Rule fired:catchFirstAndCheckSecond


2026-04-10T12:19:25.403+0200 [Thread-7] INFO  it.cnr.isti.labsedc.concern.notification.NotificationManager - 
Received violation event from: ICTGW_Probe
Raised violation: Unattended event - Rule fired:checkStarter


2026-04-10T12:19:25.408+0200 [Thread-7] INFO  it.cnr.isti.labsedc.concern.notification.NotificationManager - 
Received violation event from: ICTGW_Probe
Raised violation: Unattended event - Rule fired:checkStarter


2026-04-10T12:19:25.412+0200 [Thread-7] INFO  it.cnr.isti.labsedc.concern.notification.NotificationManager - 
Received violation event from: ICTGW_Probe
Raised violation: Unattended event - Rule fired:catchFirstAndCheckSecond


2026-04-10T12:19:25.518+0200 [Thread-7] INFO  it.cnr.isti.labsedc.concern.notification.NotificationManager - 
Received violation event from: ICTGW_Probe
Raised violation: Unattended event - Rule fired:catchFirstAndCheckSecond


2026-04-10T12:19:25.522+0200 [Thread-7] INFO  it.cnr.isti.labsedc.concern.notification.NotificationManager - 
Received violation event from: ICTGW_Probe
Raised violation: Unattended event - Rule fired:checkStarter


2026-04-10T12:19:25.633+0200 [Thread-7] INFO  it.cnr.isti.labsedc.concern.notification.NotificationManager - 
Received violation event from: ICTGW_Probe
Raised violation: Unattended event - Rule fired:checkForCorrectFourth


2026-04-10T12:19:25.640+0200 [Thread-7] INFO  it.cnr.isti.labsedc.concern.notification.NotificationManager - 
Received violation event from: ICTGW_Probe
Raised violation: Unattended event - Rule fired:checkStarter


2026-04-10T12:19:25.643+0200 [Thread-7] INFO  it.cnr.isti.labsedc.concern.notification.NotificationManager - 
Received violation event from: ICTGW_Probe
Raised violation: Unattended event - Rule fired:catchFirstAndCheckSecond


2026-04-10T12:19:25.646+0200 [Thread-7] INFO  it.cnr.isti.labsedc.concern.notification.NotificationManager - 
Received violation event from: ICTGW_Probe
Raised violation: Unattended event - Rule fired:checkStarter


2026-04-10T12:19:25.650+0200 [Thread-7] INFO  it.cnr.isti.labsedc.concern.notification.NotificationManager - 
Received violation event from: ICTGW_Probe
Raised violation: Unattended event - Rule fired:checkStarter


2026-04-10T12:19:25.754+0200 [Thread-7] INFO  it.cnr.isti.labsedc.concern.notification.NotificationManager - 
Received violation event from: ICTGW_Probe
Raised violation: Unattended event - Rule fired:catchFirstAndCheckSecond


2026-04-10T12:19:25.758+0200 [Thread-7] INFO  it.cnr.isti.labsedc.concern.notification.NotificationManager - 
Received violation event from: ICTGW_Probe
Raised violation: Unattended event - Rule fired:checkStarter


2026-04-10T12:19:25.763+0200 [Thread-7] INFO  it.cnr.isti.labsedc.concern.notification.NotificationManager - 
Received violation event from: ICTGW_Probe
Raised violation: Unattended event - Rule fired:checkStarter


2026-04-10T12:19:25.767+0200 [Thread-7] INFO  it.cnr.isti.labsedc.concern.notification.NotificationManager - 
Received violation event from: ICTGW_Probe
Raised violation: Unattended event - Rule fired:catchFirstAndCheckSecond


2026-04-10T12:19:25.872+0200 [Thread-7] INFO  it.cnr.isti.labsedc.concern.notification.NotificationManager - 
Received violation event from: ICTGW_Probe
Raised violation: Unattended event - Rule fired:catchFirstAndCheckSecond


2026-04-10T12:19:25.876+0200 [Thread-7] INFO  it.cnr.isti.labsedc.concern.notification.NotificationManager - 
Received violation event from: ICTGW_Probe
Raised violation: Unattended event - Rule fired:checkStarter


2026-04-10T12:19:25.987+0200 [Thread-7] INFO  it.cnr.isti.labsedc.concern.notification.NotificationManager - 
Received violation event from: ICTGW_Probe
Raised violation: Unattended event - Rule fired:checkForCorrectFourth


2026-04-10T12:19:25.995+0200 [Thread-7] INFO  it.cnr.isti.labsedc.concern.notification.NotificationManager - 
Received violation event from: ICTGW_Probe
Raised violation: Unattended event - Rule fired:checkStarter


2026-04-10T12:19:25.999+0200 [Thread-7] INFO  it.cnr.isti.labsedc.concern.notification.NotificationManager - 
Received violation event from: ICTGW_Probe
Raised violation: Unattended event - Rule fired:catchFirstAndCheckSecond


2026-04-10T12:19:26.004+0200 [Thread-7] INFO  it.cnr.isti.labsedc.concern.notification.NotificationManager - 
Received violation event from: ICTGW_Probe
Raised violation: Unattended event - Rule fired:checkStarter


2026-04-10T12:19:26.007+0200 [Thread-7] INFO  it.cnr.isti.labsedc.concern.notification.NotificationManager - 
Received violation event from: ICTGW_Probe
Raised violation: Unattended event - Rule fired:checkStarter


2026-04-10T12:19:26.108+0200 [Thread-7] INFO  it.cnr.isti.labsedc.concern.notification.NotificationManager - 
Received violation event from: ICTGW_Probe
Raised violation: Unattended event - Rule fired:catchFirstAndCheckSecond


2026-04-10T12:19:26.112+0200 [Thread-7] INFO  it.cnr.isti.labsedc.concern.notification.NotificationManager - 
Received violation event from: ICTGW_Probe
Raised violation: Unattended event - Rule fired:checkStarter


2026-04-10T12:19:26.223+0200 [Thread-7] INFO  it.cnr.isti.labsedc.concern.notification.NotificationManager - 
Received violation event from: ICTGW_Probe
Raised violation: Unattended event - Rule fired:checkForCorrectFourth


2026-04-10T12:19:26.230+0200 [Thread-7] INFO  it.cnr.isti.labsedc.concern.notification.NotificationManager - 
Received violation event from: ICTGW_Probe
Raised violation: Unattended event - Rule fired:checkStarter


2026-04-10T12:19:26.234+0200 [Thread-7] INFO  it.cnr.isti.labsedc.concern.notification.NotificationManager - 
Received violation event from: ICTGW_Probe
Raised violation: Unattended event - Rule fired:catchFirstAndCheckSecond


2026-04-10T12:19:26.237+0200 [Thread-7] INFO  it.cnr.isti.labsedc.concern.notification.NotificationManager - 
Received violation event from: ICTGW_Probe
Raised violation: Unattended event - Rule fired:checkStarter


2026-04-10T12:19:26.240+0200 [Thread-7] INFO  it.cnr.isti.labsedc.concern.notification.NotificationManager - 
Received violation event from: ICTGW_Probe
Raised violation: Unattended event - Rule fired:checkStarter


2026-04-10T12:19:26.344+0200 [Thread-7] INFO  it.cnr.isti.labsedc.concern.notification.NotificationManager - 
Received violation event from: ICTGW_Probe
Raised violation: Unattended event - Rule fired:catchFirstAndCheckSecond


2026-04-10T12:19:26.347+0200 [Thread-7] INFO  it.cnr.isti.labsedc.concern.notification.NotificationManager - 
Received violation event from: ICTGW_Probe
Raised violation: Unattended event - Rule fired:checkStarter


2026-04-10T12:19:26.352+0200 [Thread-7] INFO  it.cnr.isti.labsedc.concern.notification.NotificationManager - 
Received violation event from: ICTGW_Probe
Raised violation: Unattended event - Rule fired:checkStarter


2026-04-10T12:19:26.356+0200 [Thread-7] INFO  it.cnr.isti.labsedc.concern.notification.NotificationManager - 
Received violation event from: ICTGW_Probe
Raised violation: Unattended event - Rule fired:catchFirstAndCheckSecond


2026-04-10T12:19:26.464+0200 [Thread-7] INFO  it.cnr.isti.labsedc.concern.notification.NotificationManager - 
Received violation event from: ICTGW_Probe
Raised violation: Unattended event - Rule fired:checkStarter


2026-04-10T12:19:26.468+0200 [Thread-7] INFO  it.cnr.isti.labsedc.concern.notification.NotificationManager - 
Received violation event from: ICTGW_Probe
Raised violation: Unattended event - Rule fired:catchFirstAndCheckSecond


2026-04-10T12:19:26.577+0200 [Thread-7] INFO  it.cnr.isti.labsedc.concern.notification.NotificationManager - 
Received violation event from: ICTGW_Probe
Raised violation: Unattended event - Rule fired:checkForCorrectFourth


2026-04-10T12:19:26.585+0200 [Thread-7] INFO  it.cnr.isti.labsedc.concern.notification.NotificationManager - 
Received violation event from: ICTGW_Probe
Raised violation: Unattended event - Rule fired:checkStarter


2026-04-10T12:19:26.589+0200 [Thread-7] INFO  it.cnr.isti.labsedc.concern.notification.NotificationManager - 
Received violation event from: ICTGW_Probe
Raised violation: Unattended event - Rule fired:catchFirstAndCheckSecond


2026-04-10T12:19:26.594+0200 [Thread-7] INFO  it.cnr.isti.labsedc.concern.notification.NotificationManager - 
Received violation event from: ICTGW_Probe
Raised violation: Unattended event - Rule fired:checkStarter


2026-04-10T12:19:26.597+0200 [Thread-7] INFO  it.cnr.isti.labsedc.concern.notification.NotificationManager - 
Received violation event from: ICTGW_Probe
Raised violation: Unattended event - Rule fired:checkStarter


2026-04-10T12:19:26.699+0200 [Thread-7] INFO  it.cnr.isti.labsedc.concern.notification.NotificationManager - 
Received violation event from: ICTGW_Probe
Raised violation: Unattended event - Rule fired:catchFirstAndCheckSecond


2026-04-10T12:19:26.702+0200 [Thread-7] INFO  it.cnr.isti.labsedc.concern.notification.NotificationManager - 
Received violation event from: ICTGW_Probe
Raised violation: Unattended event - Rule fired:checkStarter


2026-04-10T12:19:26.707+0200 [Thread-7] INFO  it.cnr.isti.labsedc.concern.notification.NotificationManager - 
Received violation event from: ICTGW_Probe
Raised violation: Unattended event - Rule fired:checkStarter


2026-04-10T12:19:26.710+0200 [Thread-7] INFO  it.cnr.isti.labsedc.concern.notification.NotificationManager - 
Received violation event from: ICTGW_Probe
Raised violation: Unattended event - Rule fired:catchFirstAndCheckSecond


2026-04-10T12:19:26.817+0200 [Thread-7] INFO  it.cnr.isti.labsedc.concern.notification.NotificationManager - 
Received violation event from: ICTGW_Probe
Raised violation: Unattended event - Rule fired:catchFirstAndCheckSecond


2026-04-10T12:19:26.821+0200 [Thread-7] INFO  it.cnr.isti.labsedc.concern.notification.NotificationManager - 
Received violation event from: ICTGW_Probe
Raised violation: Unattended event - Rule fired:checkStarter


2026-04-10T12:19:26.826+0200 [Thread-7] INFO  it.cnr.isti.labsedc.concern.notification.NotificationManager - 
Received violation event from: ICTGW_Probe
Raised violation: Unattended event - Rule fired:checkStarter


2026-04-10T12:19:26.830+0200 [Thread-7] INFO  it.cnr.isti.labsedc.concern.notification.NotificationManager - 
Received violation event from: ICTGW_Probe
Raised violation: Unattended event - Rule fired:catchFirstAndCheckSecond


2026-04-10T12:19:26.936+0200 [Thread-7] INFO  it.cnr.isti.labsedc.concern.notification.NotificationManager - 
Received violation event from: ICTGW_Probe
Raised violation: Unattended event - Rule fired:checkStarter


2026-04-10T12:19:26.940+0200 [Thread-7] INFO  it.cnr.isti.labsedc.concern.notification.NotificationManager - 
Received violation event from: ICTGW_Probe
Raised violation: Unattended event - Rule fired:catchFirstAndCheckSecond


2026-04-10T12:19:27.049+0200 [Thread-7] INFO  it.cnr.isti.labsedc.concern.notification.NotificationManager - 
Received violation event from: ICTGW_Probe
Raised violation: Unattended event - Rule fired:checkForCorrectFourth


2026-04-10T12:19:27.057+0200 [Thread-7] INFO  it.cnr.isti.labsedc.concern.notification.NotificationManager - 
Received violation event from: ICTGW_Probe
Raised violation: Unattended event - Rule fired:checkStarter


2026-04-10T12:19:27.060+0200 [Thread-7] INFO  it.cnr.isti.labsedc.concern.notification.NotificationManager - 
Received violation event from: ICTGW_Probe
Raised violation: Unattended event - Rule fired:catchFirstAndCheckSecond


2026-04-10T12:19:27.063+0200 [Thread-7] INFO  it.cnr.isti.labsedc.concern.notification.NotificationManager - 
Received violation event from: ICTGW_Probe
Raised violation: Unattended event - Rule fired:checkStarter


2026-04-10T12:19:27.067+0200 [Thread-7] INFO  it.cnr.isti.labsedc.concern.notification.NotificationManager - 
Received violation event from: ICTGW_Probe
Raised violation: Unattended event - Rule fired:checkStarter


